region,amplitude_A,frequency_THz,is_baseline,frame_count,mean_dislocation_density_A-2,delta_dislocation_density_A-2_vib_minus_base,reduction_dislocation_density_A-2_percent,mean_segment_number_density_A-3,delta_segment_number_density_A-3_vib_minus_base,reduction_segment_number_density_A-3_percent,mean_shockley_density_A-2,delta_shockley_density_A-2_vib_minus_base,reduction_shockley_density_A-2_percent,mean_perfect_density_A-2,delta_perfect_density_A-2_vib_minus_base,reduction_perfect_density_A-2_percent,mean_stair_rod_density_A-2,delta_stair_rod_density_A-2_vib_minus_base,reduction_stair_rod_density_A-2_percent,mean_hirth_density_A-2,delta_hirth_density_A-2_vib_minus_base,reduction_hirth_density_A-2_percent,mean_frank_density_A-2,delta_frank_density_A-2_vib_minus_base,reduction_frank_density_A-2_percent,mean_other_density_A-2,delta_other_density_A-2_vib_minus_base,reduction_other_density_A-2_percent,mean_hcp_fraction,delta_hcp_fraction_vib_minus_base,reduction_hcp_fraction_percent,mean_other_atom_fraction,delta_other_atom_fraction_vib_minus_base,reduction_other_atom_fraction_percent
elastic,,,1,91,0.0,0.0,nan,0.0,0.0,nan,0.0,0.0,nan,0.0,0.0,nan,0.0,0.0,nan,0.0,0.0,nan,0.0,0.0,nan,0.0,0.0,nan,0.0,0.0,nan,0.0,0.0,nan
elastic,0.1,0.5,0,91,7.510653485169414e-05,7.510653485169414e-05,nan,1.0110667406225137e-05,1.0110667406225137e-05,nan,5.05304363496957e-05,5.05304363496957e-05,nan,2.1237583872256065e-05,2.1237583872256065e-05,nan,0.0,0.0,nan,1.6762041383344951e-06,1.6762041383344951e-06,nan,0.0,0.0,nan,1.6623104914078832e-06,1.6623104914078832e-06,nan,0.00010093610093610093,0.00010093610093610093,nan,0.1293024013024013,0.1293024013024013,nan
elastic,0.1,0.8,0,91,6.774521808841386e-05,6.774521808841386e-05,nan,8.79489562048351e-06,8.79489562048351e-06,nan,4.652629587106892e-05,4.652629587106892e-05,nan,2.0915285344112913e-05,2.0915285344112913e-05,nan,0.0,0.0,nan,3.036368732320244e-07,3.036368732320244e-07,nan,0.0,0.0,nan,0.0,0.0,nan,0.00011151811151811152,0.00011151811151811152,nan,0.12995115995115994,0.12995115995115994,nan
elastic,0.1,1.0,0,91,2.4434257784004694e-05,2.4434257784004694e-05,nan,3.324055037663059e-06,3.324055037663059e-06,nan,1.5384757955082687e-05,1.5384757955082687e-05,nan,9.049499828922007e-06,9.049499828922007e-06,nan,0.0,0.0,nan,0.0,0.0,nan,0.0,0.0,nan,0.0,0.0,nan,7.163207163207163e-05,7.163207163207163e-05,nan,0.13496296296296295,0.13496296296296295,nan
elastic,0.1,1.2,0,91,2.4153292690833068e-05,2.4153292690833068e-05,nan,3.1163015978091175e-06,3.1163015978091175e-06,nan,9.721657037234741e-06,9.721657037234741e-06,nan,1.4431635653598327e-05,1.4431635653598327e-05,nan,0.0,0.0,nan,0.0,0.0,nan,0.0,0.0,nan,0.0,0.0,nan,3.5002035002035e-05,3.5002035002035e-05,nan,0.1283988603988604,0.1283988603988604,nan
elastic,0.1,1.5,0,91,0.0002599714134853542,0.0002599714134853542,nan,2.624618456821457e-05,2.624618456821457e-05,nan,0.0002069607286578697,0.0002069607286578697,nan,5.301068482748452e-05,5.301068482748452e-05,nan,0.0,0.0,nan,0.0,0.0,nan,0.0,0.0,nan,0.0,0.0,nan,0.0006202686202686202,0.0006202686202686202,nan,0.12504517704517704,0.12504517704517704,nan
elastic,0.2,0.5,0,91,2.1204708322563237e-05,2.1204708322563237e-05,nan,2.4930412782472944e-06,2.4930412782472944e-06,nan,1.4288231308843604e-05,1.4288231308843604e-05,nan,6.9164770137196325e-06,6.9164770137196325e-06,nan,0.0,0.0,nan,0.0,0.0,nan,0.0,0.0,nan,0.0,0.0,nan,5.535205535205535e-05,5.535205535205535e-05,nan,0.13423524623524624,0.13423524623524624,nan
elastic,0.2,0.8,0,91,6.143740858097111e-05,6.143740858097111e-05,nan,7.963881861067746e-06,7.963881861067746e-06,nan,5.606696455317635e-05,5.606696455317635e-05,nan,4.17797228511166e-06,4.17797228511166e-06,nan,0.0,0.0,nan,0.0,0.0,nan,0.0,0.0,nan,1.1924717426831177e-06,1.1924717426831177e-06,nan,0.00019943019943019944,0.00019943019943019944,nan,0.1414171754171754,0.1414171754171754,nan
elastic,0.2,1.0,0,91,0.00012240948960568417,0.00012240948960568417,nan,1.1564941485202728e-05,1.1564941485202728e-05,nan,9.67515438979119e-05,9.67515438979119e-05,nan,2.502410882359126e-05,2.502410882359126e-05,nan,0.0,0.0,nan,0.0,0.0,nan,0.0,0.0,nan,6.338368841810142e-07,6.338368841810142e-07,nan,0.00025396825396825396,0.00025396825396825396,nan,0.1425925925925926,0.1425925925925926,nan
elastic,0.2,1.2,0,91,8.99189597170354e-05,8.99189597170354e-05,nan,1.1218685752112823e-05,1.1218685752112823e-05,nan,4.0732630569680024e-05,4.0732630569680024e-05,nan,4.8013664944621225e-05,4.8013664944621225e-05,nan,0.0,0.0,nan,0.0,0.0,nan,0.0,0.0,nan,1.1726642027341552e-06,1.1726642027341552e-06,nan,0.00013756613756613756,0.00013756613756613756,nan,0.1396043956043956,0.1396043956043956,nan
elastic,0.2,1.5,0,91,0.00014789319195945033,0.00014789319195945033,nan,1.5304503402573666e-05,1.5304503402573666e-05,nan,0.0001348396052447544,0.0001348396052447544,nan,1.264719402085911e-05,1.264719402085911e-05,nan,0.0,0.0,nan,0.0,0.0,nan,0.0,0.0,nan,4.0639269383685844e-07,4.0639269383685844e-07,nan,0.00026699226699226697,0.00026699226699226697,nan,0.1354074074074074,0.1354074074074074,nan
elastic,0.3,0.5,0,91,9.239867216050384e-06,9.239867216050384e-06,nan,1.1772694925056666e-06,1.1772694925056666e-06,nan,9.239867216050384e-06,9.239867216050384e-06,nan,0.0,0.0,nan,0.0,0.0,nan,0.0,0.0,nan,0.0,0.0,nan,0.0,0.0,nan,6.512006512006512e-05,6.512006512006512e-05,nan,0.1594114774114774,0.1594114774114774,nan
elastic,0.3,0.8,0,91,4.014180546844698e-05,4.014180546844698e-05,nan,4.847580263258627e-06,4.847580263258627e-06,nan,3.488331217110627e-05,3.488331217110627e-05,nan,4.8706587151782234e-06,4.8706587151782234e-06,nan,0.0,0.0,nan,3.8783458216248384e-07,3.8783458216248384e-07,nan,0.0,0.0,nan,0.0,0.0,nan,9.686609686609687e-05,9.686609686609687e-05,nan,0.16090028490028488,0.16090028490028488,nan
elastic,0.3,1.0,0,91,3.1473015424555176e-05,3.1473015424555176e-05,nan,4.016566503842863e-06,4.016566503842863e-06,nan,2.2143199514287732e-05,2.2143199514287732e-05,nan,9.329815910267448e-06,9.329815910267448e-06,nan,0.0,0.0,nan,0.0,0.0,nan,0.0,0.0,nan,0.0,0.0,nan,9.035409035409036e-05,9.035409035409036e-05,nan,0.15053398453398453,0.15053398453398453,nan
elastic,0.3,1.2,0,91,4.4175163413204365e-05,4.4175163413204365e-05,nan,6.509607782090157e-06,6.509607782090157e-06,nan,2.4340939029174633e-05,2.4340939029174633e-05,nan,1.939410324333438e-05,1.939410324333438e-05,nan,0.0,0.0,nan,0.0,0.0,nan,0.0,0.0,nan,4.401211406953464e-07,4.401211406953464e-07,nan,8.872608872608872e-05,8.872608872608872e-05,nan,0.1501115181115181,0.1501115181115181,nan
elastic,0.3,1.5,0,91,3.498865346764501e-05,3.498865346764501e-05,nan,4.085817650460844e-06,4.085817650460844e-06,nan,3.498865346764501e-05,3.498865346764501e-05,nan,0.0,0.0,nan,0.0,0.0,nan,0.0,0.0,nan,0.0,0.0,nan,0.0,0.0,nan,7.081807081807082e-05,7.081807081807082e-05,nan,0.1486707366707367,0.1486707366707367,nan
elastic,0.4,0.5,0,91,4.509676885300464e-06,4.509676885300464e-06,nan,5.540091729438431e-07,5.540091729438431e-07,nan,3.707244465970492e-06,3.707244465970492e-06,nan,8.024324193299721e-07,8.024324193299721e-07,nan,0.0,0.0,nan,0.0,0.0,nan,0.0,0.0,nan,0.0,0.0,nan,6.267806267806268e-05,6.267806267806268e-05,nan,0.21207977207977208,0.21207977207977208,nan
elastic,0.4,0.8,0,91,6.0807380796179984e-06,6.0807380796179984e-06,nan,9.002649060337451e-07,9.002649060337451e-07,nan,3.594242591543923e-06,3.594242591543923e-06,nan,0.0,0.0,nan,0.0,0.0,nan,0.0,0.0,nan,0.0,0.0,nan,2.4864954880740764e-06,2.4864954880740764e-06,nan,7.488807488807489e-05,7.488807488807489e-05,nan,0.17445014245014245,0.17445014245014245,nan
elastic,0.4,1.0,0,91,1.4875633551235512e-05,1.4875633551235512e-05,nan,1.592776372213549e-06,1.592776372213549e-06,nan,6.4403565435064535e-06,6.4403565435064535e-06,nan,8.063490535052935e-06,8.063490535052935e-06,nan,0.0,0.0,nan,0.0,0.0,nan,0.0,0.0,nan,3.717864726761251e-07,3.717864726761251e-07,nan,8.221408221408222e-05,8.221408221408222e-05,nan,0.15148392348392348,0.15148392348392348,nan
elastic,0.4,1.2,0,91,4.942050317106007e-06,4.942050317106007e-06,nan,7.617626127977844e-07,7.617626127977844e-07,nan,3.4432355251439553e-06,3.4432355251439553e-06,nan,1.4988147919620521e-06,1.4988147919620521e-06,nan,0.0,0.0,nan,0.0,0.0,nan,0.0,0.0,nan,0.0,0.0,nan,4.558404558404559e-05,4.558404558404559e-05,nan,0.14335938135938134,0.14335938135938134,nan
elastic,0.4,1.5,0,91,1.3897758411737272e-05,1.3897758411737272e-05,nan,1.8697809586854708e-06,1.8697809586854708e-06,nan,1.3167402541388263e-05,1.3167402541388263e-05,nan,0.0,0.0,nan,0.0,0.0,nan,0.0,0.0,nan,0.0,0.0,nan,7.3035587034901e-07,7.3035587034901e-07,nan,8.221408221408222e-05,8.221408221408222e-05,nan,0.15297110297110297,0.15297110297110297,nan
elastic,0.5,0.5,0,91,1.661708290583948e-06,1.661708290583948e-06,nan,2.0775343985394116e-07,2.0775343985394116e-07,nan,1.661708290583948e-06,1.661708290583948e-06,nan,0.0,0.0,nan,0.0,0.0,nan,0.0,0.0,nan,0.0,0.0,nan,0.0,0.0,nan,2.9304029304029302e-05,2.9304029304029302e-05,nan,0.2442238502238502,0.2442238502238502,nan
elastic,0.5,0.8,0,91,3.0940627700576393e-06,3.0940627700576393e-06,nan,2.7700458647192157e-07,2.7700458647192157e-07,nan,3.0940627700576393e-06,3.0940627700576393e-06,nan,0.0,0.0,nan,0.0,0.0,nan,0.0,0.0,nan,0.0,0.0,nan,0.0,0.0,nan,4.802604802604802e-05,4.802604802604802e-05,nan,0.29424175824175824,0.29424175824175824,nan
elastic,0.5,1.0,0,91,4.5296112322078e-06,4.5296112322078e-06,nan,6.232603195618236e-07,6.232603195618236e-07,nan,4.5296112322078e-06,4.5296112322078e-06,nan,0.0,0.0,nan,0.0,0.0,nan,0.0,0.0,nan,0.0,0.0,nan,0.0,0.0,nan,6.023606023606024e-05,6.023606023606024e-05,nan,0.2668270248270248,0.2668270248270248,nan
elastic,0.5,1.2,0,91,1.4090119858301718e-06,1.4090119858301718e-06,nan,1.3850229323596078e-07,1.3850229323596078e-07,nan,5.437236886014684e-07,5.437236886014684e-07,nan,8.652882972287033e-07,8.652882972287033e-07,nan,0.0,0.0,nan,0.0,0.0,nan,0.0,0.0,nan,0.0,0.0,nan,2.9304029304029302e-05,2.9304029304029302e-05,nan,0.23546601546601548,0.23546601546601548,nan
elastic,0.5,1.5,0,91,1.286841050826333e-05,1.286841050826333e-05,nan,1.3157717857416275e-06,1.3157717857416275e-06,nan,5.421382207550225e-06,5.421382207550225e-06,nan,6.855279169695832e-06,6.855279169695832e-06,nan,0.0,0.0,nan,0.0,0.0,nan,0.0,0.0,nan,5.917491310172739e-07,5.917491310172739e-07,nan,4.9654049654049646e-05,4.9654049654049646e-05,nan,0.18486202686202685,0.18486202686202685,nan
flow,,,1,291,0.009112288978637645,0.0,0.0,0.0006696207495405018,0.0,0.0,0.006264538056978461,0.0,0.0,0.0001688929078699701,0.0,0.0,0.0007016698955767818,0.0,0.0,0.000490196497331637,0.0,0.0,2.291937910205496e-06,0.0,0.0,0.0014846996829705889,0.0,0.0,0.2701975308641975,0.0,0.0,0.3297576683212422,0.0,0.0
flow,0.1,0.5,0,291,0.007697319419351449,-0.0014149695592861958,15.528146249568836,0.0006472719052752517,-2.23488442652501e-05,3.3375375958086764,0.006284257410908426,1.9719353929964836e-05,-0.3147774624498963,6.314706921434363e-05,-0.00010574583865562646,62.61117769198439,0.0006959836634997073,-5.686232077074544e-06,0.81038564044427,0.00016894944652936613,-0.0003212470508022708,65.53434236086242,1.4919742331815074e-07,-2.142740486887345e-06,93.4903374714556,0.0004848326317762875,-0.0009998670511943014,67.34473393257323,0.20389257986508846,-0.06630495099910905,24.53943631055393,0.39614102074583174,0.06638335242458954,-20.130950331660046
flow,0.1,0.8,0,291,0.007762897777543495,-0.0013493912010941493,14.808476819135002,0.0006607851599472633,-8.835589593238495e-06,1.319491607645303,0.0062863923199522895,2.1854262973828448e-05,-0.34885673572504866,7.527554860744204e-05,-9.361735926252805e-05,55.43001209654324,0.0007006153184792714,-1.0545770975104113e-06,0.15029533177328852,0.00016833586538955074,-0.0003218606319420862,65.65951280641954,0.0,-2.291937910205496e-06,100.0,0.000532278725114942,-0.0009524209578556468,64.14906454011238,0.2049005981926944,-0.0652969326715031,24.166369123602998,0.397907089219804,0.0681494208985618,-20.666515882861056
flow,0.1,1.0,0,291,0.007997331825963998,-0.001114957152673646,12.235752787115192,0.0006764856561607385,6.864906620236656e-06,-1.0251932343714558,0.006466972571838169,0.0002024345148597083,-3.231435630504372,7.432286416379301e-05,-9.457004370617708e-05,55.99408814666519,0.0007480152275894686,4.634533201268681e-05,-6.605005046509847,0.00016594596522718962,-0.0003242505321044473,66.14705202291138,0.0,-2.291937910205496e-06,100.0,0.0005420751971453776,-0.0009426244858252112,63.48923601433032,0.2060239277077765,-0.06417360315642101,23.750625311478125,0.3936163930253277,0.06385872470408549,-19.365349418311574
flow,0.1,1.2,0,291,0.007852468468891382,-0.0012598205097462626,13.825510941320204,0.0006546132407461042,-1.5007508794397605e-05,2.241195304162223,0.0063382672745770615,7.37292175986004e-05,-1.1769298378907416,8.656734427169809e-05,-8.2325563598272e-05,48.74423955187869,0.0007240134205078546,2.2343524931072757e-05,-3.1843356928839146,0.0001623933379593966,-0.00032780315937224033,66.87178736621384,0.0,-2.291937910205496e-06,100.0,0.0005412270915753718,-0.0009434725913952171,63.54635905272883,0.20531271477663232,-0.06488481608756519,24.013844937826832,0.3947216494845361,0.06496398116329388,-19.70052174799086
flow,0.1,1.5,0,291,0.007791708181611729,-0.0013205807970259158,14.492305941150613,0.0006441101501757104,-2.5510599364791378e-05,3.809708612269993,0.006263369170581231,-1.168886397230097e-06,0.018658780369735343,7.18672438552482e-05,-9.702566401472188e-05,57.448039256581175,0.000710561218889255,8.891323312473168e-06,-1.26716613731367,0.00017469453232371829,-0.00031550196500791867,64.36234586035187,0.0,-2.291937910205496e-06,100.0,0.0005712160159622761,-0.0009134836670083127,61.526494380372846,0.20499936362479318,-0.06519816723940433,24.12981607599265,0.39499809087437954,0.06524042255313733,-19.78435342694795
flow,0.2,0.5,0,291,0.0075127867789634905,-0.001599502199674154,17.553242697020917,0.0006258109511406947,-4.380979839980711e-05,6.542479221241229,0.006159152957144757,-0.00010538509983370418,1.6822485373252563,3.8217019604391675e-05,-0.0001306758882655784,77.37204001850996,0.0006759647547038764,-2.5705140872905462e-05,3.663423646211229,0.0001749823435587967,-0.00031521415377284024,64.30363241856982,0.0,-2.291937910205496e-06,100.0,0.0004644697039516692,-0.0010202299790189196,68.71625223073008,0.19768053964617538,-0.07251699121802213,26.83850995458189,0.4029680539646175,0.07321038564337529,-22.201268590987077
flow,0.2,0.8,0,291,0.007793201858835022,-0.0013190871198026227,14.475914041960467,0.000657839963416184,-1.1780786124317849e-05,1.759322143527049,0.006343247458469955,7.870940149149429e-05,-1.2564278606914194,7.797776300573482e-05,-9.091514486423526e-05,53.83005480267439,0.0006588887853362679,-4.2781110240513965e-05,6.097042285866823,0.000186774794178888,-0.0003034217031527489,61.89797454784186,8.80925169789395e-08,-2.2038453932265565e-06,96.1564178249907,0.0005262249653271967,-0.0009584747176433922,64.55680759126147,0.1992534046073565,-0.07094412625684102,26.256393250498594,0.40298587247040857,0.07322820414916636,-22.206672106205325
flow,0.2,1.0,0,291,0.007659403088950677,-0.0014528858896869674,15.944247302659456,0.0006450196961632498,-2.4601053377252017e-05,3.6738785938359024,0.006184175522078356,-8.036253490010473e-05,1.2828166126404783,6.175762979876018e-05,-0.00010713527807120991,63.43385250592814,0.0006668414942144427,-3.4828401362339075e-05,4.9636448110275095,0.00021716521163607654,-0.0002730312856955604,55.69833468451818,6.253602494643112e-08,-2.2294018852590648e-06,97.27147822513115,0.0005294006951980951,-0.0009552989877724937,64.34291047069738,0.20077434135166095,-0.06942318951253657,25.693495159076406,0.3993913707521955,0.06963370243095329,-21.116628700539504
flow,0.2,1.2,0,291,0.00771514177157594,-0.0013971472070617042,15.332560351598817,0.0006501088225221003,-1.9511927018401546e-05,2.9138773002166913,0.006261462605416983,-3.0754515614782665e-06,0.04909303022035804,3.934022392617192e-05,-0.00012955268394379817,76.70700065365695,0.000677036663422949,-2.4633232153832866e-05,3.5106582609738486,0.00018919616583052724,-0.0003010003315011097,61.404015153023686,0.0,-2.291937910205496e-06,100.0,0.0005481061129793087,-0.0009365935699912802,63.08303158773111,0.20050375461372025,-0.06969377625047726,25.793639204462483,0.39861244749904545,0.06885477917780325,-20.88041789242837
flow,0.2,1.5,0,291,0.0077374110288523585,-0.001374877949785286,15.088173268083082,0.0006536387271880265,-1.5982022352475336e-05,2.386727466770154,0.006309779483397163,4.5241426418702116e-05,-0.7221829607740168,5.064247509527855e-05,-0.00011825043277469155,70.0150374968569,0.0006549815587727324,-4.668833680404941e-05,6.653889114862337,0.00020612249384408565,-0.00028407400348755133,57.951047189014126,0.0,-2.291937910205496e-06,100.0,0.0005158850177430995,-0.0009688146652274893,65.25324120020582,0.20177141402570956,-0.06842611683848795,25.324478954205997,0.39735980654193714,0.06760213822069494,-20.50055077258689
flow,0.3,0.5,0,291,0.007296371230192318,-0.0018159177484453268,19.92822827175988,0.0006104352927799123,-5.918545676058954e-05,8.838653342388657,0.006032870008357397,-0.00023166804862106375,3.6980866987150667,5.3809909777121456e-05,-0.00011508299809284862,68.13962737941046,0.0006486407490098551,-5.302914656692668e-05,7.5575633073635045,0.00012973548294843788,-0.0003604610143831991,73.53398409522563,2.9860589740092997e-06,6.941210638038039e-07,-30.285334550863503,0.00042832902112549575,-0.001056370661845093,71.15046052488577,0.17871961308387424,-0.09147791778032327,33.855941424683294,0.4269130711467481,0.09715540282550589,-29.462666727391877
flow,0.3,0.8,0,291,0.007394783630379989,-0.0017175053482576556,18.848231792078607,0.0006210250067776906,-4.8595742762811236e-05,7.257203842049094,0.0060914684328805735,-0.0001730696240978876,2.762687727710338,6.470159419627143e-05,-0.00010419131367369866,61.6907571713521,0.000661936104747786,-3.973379082899584e-05,5.662746981090609,0.00014365260766289334,-0.0003465438896687436,70.69489307964052,1.8016499959876008e-06,-4.90287914217895e-07,21.391849754513448,0.0004312232408964769,-0.001053476442074112,70.95552414790815,0.1815761741122566,-0.08862135675194091,32.7987293105511,0.4248858342878961,0.09512816596665391,-28.847901081706546
flow,0.3,1.0,0,291,0.007555364548731408,-0.0015569244299062368,17.08598611782622,0.0006333905010368551,-3.623024850364675e-05,5.410562400957286,0.006128552227051973,-0.0001359858299264877,2.170723981395637,9.222387247816098e-05,-7.66690353918091e-05,45.39505912873278,0.0006887007270011687,-1.2969168575613149e-05,1.8483290586312418,0.00013787609472379564,-0.0003523204026078413,71.87330071220049,3.940602593994475e-06,1.6486646837889789e-06,-71.93321758184797,0.000504071024882314,-0.0009806286580882747,66.04895719558799,0.18323914980272368,-0.08695838106147383,32.18326266096766,0.42127198676339567,0.09151431844215346,-27.75199100237522
flow,0.3,1.2,0,291,0.007492496852273451,-0.0016197921263641935,17.775908228564152,0.0006394108292400911,-3.0209920300410757e-05,4.511497040846032,0.006109205477419144,-0.00015533257955931742,2.4795536102822897,9.947183241926886e-05,-6.942107545070123e-05,41.103606022431805,0.0006909342216279847,-1.0735673948797158e-05,1.5300177500093963,0.00013638407683050585,-0.0003538124205011311,72.17767210232905,9.924050322647233e-07,-1.2995328779407725e-06,56.700178139828225,0.00045550883894428224,-0.0010291908440263067,69.3197995413524,0.1831729667812142,-0.08702456408298331,32.207756971222004,0.4191996945399007,0.08944202621865849,-27.123562182495224
flow,0.3,1.5,0,291,0.0075439835639051905,-0.001568305414732454,17.210883219453464,0.0006428541104786325,-2.6766639061869294e-05,3.99728339963132,0.006184714294200118,-7.982376277834279e-05,1.274216263869961,7.338948229564516e-05,-9.550342557432492e-05,56.54673531220896,0.0006730269388688422,-2.8642956707939597e-05,4.082112812378065,0.00014972564479394466,-0.0003404708525376923,69.45599456361488,9.308581158932064e-07,-1.3610797943122894e-06,59.38554392122492,0.0004621963456307483,-0.0010225033373398407,68.86937129898317,0.18553620974926818,-0.08466132111492933,31.333121677370357,0.41653557337406133,0.08677790505281913,-26.3156594642955
flow,0.4,0.5,0,291,0.005990122594153361,-0.003122166384484284,34.26325034032306,0.0005079381223269774,-0.0001616826272135244,24.145402800685627,0.004966851607576066,-0.0012976864494023948,20.714798722578127,0.00013325627779123766,-3.563663007873243e-05,21.100134119408327,0.0004945684617105868,-0.00020710143386619504,29.515507957763383,6.122158605016944e-05,-0.00042897491128146754,87.5108071184869,3.058338147040762e-06,7.664002368352664e-07,-33.43896156273058,0.00033116632287826,-0.0011535333600923288,77.6947266388808,0.14327427771414025,-0.12692325315005726,46.97424611694526,0.4947817233040601,0.1650240549828179,-50.04403864902858
flow,0.4,0.8,0,291,0.006107035538806717,-0.003005253439830927,32.98022535145977,0.0005159507893600613,-0.00015366996018044052,22.948805019242588,0.005026549274878195,-0.0012379887821002663,19.761852683155034,0.00015929254876564814,-9.600359104321952e-06,5.68428788715819,0.0005432616146000006,-0.0001584082809767812,22.575898150307204,5.968695017743675e-05,-0.0004305095471542002,87.82387256899223,3.2134927914428305e-06,9.215548812373347e-07,-40.20854479232851,0.00031503165759399435,-0.0011696680253765945,78.78145585889271,0.14961817487590684,-0.12057935598829067,44.62637227017977,0.47350846379025074,0.14375079546900854,-43.592859023059894
flow,0.4,1.0,0,291,0.006287353171191147,-0.0028249358074464975,31.001385207044287,0.000523183845546683,-0.00014643690399381883,21.868632967885894,0.005131909798939317,-0.001132628258039144,18.07999644566671,0.0001603494240362546,-8.543483833715486e-06,5.058521368045292,0.0005691165657535709,-0.00013255332982321094,18.891123968522315,5.872686813030778e-05,-0.0004314696292013292,88.01972913923602,5.777026688230521e-06,3.4850887780250252e-06,-152.05860344238346,0.00036147348764346653,-0.0011232261953271223,75.65342730320856,0.1554374443171694,-0.1147600865470281,42.472662936622854,0.46502787323405875,0.13527020491281655,-41.021094551481205
flow,0.4,1.2,0,291,0.006343763662020818,-0.0027685253166168265,30.3823257044109,0.000527450049345379,-0.00014217070019512286,21.231525500468933,0.005187322530728705,-0.0010772155262497559,17.195450270268182,0.0001480573724231372,-2.0835535446832895e-05,12.336536631173454,0.0005961252643905651,-0.00010554463118621674,15.041920973317186,6.798334040190559e-05,-0.00042221315692973137,86.13141040950518,9.594418541630548e-07,-1.332496056042441e-06,58.138401136833984,0.00034331571222234167,-0.0011413839707482471,76.8764204532303,0.15642229858724704,-0.11377523227695047,42.10816875826094,0.4667913962072038,0.13703372788596158,-41.55588817193677
flow,0.4,1.5,0,291,0.006520388565294602,-0.0025919004133430424,28.444010274688974,0.0005485645097703972,-0.00012105623977010462,18.078328643963648,0.005364191796659618,-0.0009003462603188427,14.372109357942053,0.00015929596400808386,-9.596943861886226e-06,5.68226575225697,0.0005964002004367584,-0.00010526969514002341,15.00273786913579,6.225453832763532e-05,-0.00042794195900400163,87.30008503395777,2.1894278574393453e-06,-1.0251005276615052e-07,4.4726365539701485,0.0003360566380050668,-0.0011486430449655222,77.36534587704065,0.16172915871197657,-0.10846837215222094,40.14410191140408,0.45691790759832,0.1271602392770778,-38.56172319644172
flow,0.5,0.5,0,291,0.0033547483921638837,-0.00575754058647376,63.1843502765488,0.00031790797850181324,-0.0003517127710386886,52.5241745092332,0.0028955379000580282,-0.003369000156920433,53.77890797817874,3.984939170450077e-05,-0.00012904351616546933,76.40552690632775,0.00024268706850114302,-0.0004589828270756388,65.41292849657586,1.822711585421304e-05,-0.0004719693814774239,96.28167154326243,1.1475131589744014e-06,-1.1444247512310944e-06,49.93262453294317,0.00015729940288702446,-0.0013274002800835645,89.4053050127754,0.09368817614865725,-0.17650935471554025,65.32604282170685,0.622408298332697,0.29265063001145475,-88.74717955803877
flow,0.5,0.8,0,291,0.004048464197878204,-0.00506382478075944,55.57138050198799,0.00037146291248239794,-0.0002981578370581039,44.52637366191262,0.0034008948612578305,-0.0028636431957206306,45.71196103646684,0.00010085254788084523,-6.804035998912486e-05,40.286096584652825,0.00033439341691422883,-0.000367276478662553,52.34320026807576,1.7567909477093374e-05,-0.0004726285878545436,96.41614952927581,1.2108689020540881e-06,-1.0810690081514077e-06,47.168337472740646,0.0001935445934461525,-0.0012911550895244365,86.96405773732583,0.10395239913452972,-0.1662451317296678,61.52725792791324,0.593166603029146,0.26340893470790383,-79.87954792647824
flow,0.5,1.0,0,291,0.00436553785321508,-0.004746751125422564,52.09175363677107,0.00038789970782864296,-0.00028172104171185887,42.07173118592542,0.003710813245599078,-0.0025537248113793832,40.76477448380459,4.918433680484652e-05,-0.00011970857106512357,70.87838830822115,0.0003549362330387643,-0.0003467336625380175,49.41549647829738,1.5530715282508898e-05,-0.0004746657820491281,96.83173678982824,1.4802439132210732e-06,-8.116939969844226e-07,35.41518264391577,0.00023359307857666128,-0.0012511066043939276,84.26664454394655,0.11152959144711722,-0.1586679394170803,58.722942030446426,0.5620768741249841,0.23231920580374188,-70.45149457371282
flow,0.5,1.2,0,291,0.004501953038030718,-0.004610335940606927,50.59470733879432,0.00039448308830987937,-0.00027513766123062245,41.08858057630737,0.0038077972188030264,-0.0024567408381754347,39.216632029854416,8.878304169024561e-05,-8.010986617972448e-05,47.43234466742719,0.0003603946550345433,-0.0003412752405422385,48.637577683407066,1.633914975525344e-05,-0.00047385734757638353,96.66681629832223,2.3228322799659224e-06,3.089436976042658e-08,-1.3479584077239064,0.00022631614046768344,-0.0012583835425029055,84.75677316675451,0.11827287768868526,-0.15192465317551224,56.22725444218446,0.5491999490899835,0.21944228076874128,-66.54652851164806
flow,0.5,1.5,0,291,0.004715163801282568,-0.004397125177355077,48.254891692564385,0.0004035352364715795,-0.0002660855130689223,39.73674848808253,0.003999292766075486,-0.0022652452909029753,36.159813705331025,6.977949085386313e-05,-9.911341701610696e-05,58.68417938094473,0.0004054678092685494,-0.00029620208630823245,42.2138797995246,1.559486864791834e-05,-0.00047460162868371864,96.81864951446852,4.307622634977846e-06,2.01568472477235e-06,-87.94674217817808,0.00022072124380177367,-0.0012639784391688153,85.13361009411989,0.12922285859742905,-0.14097467226676846,52.17467081060151,0.5245689194348988,0.1948112511136566,-59.077095039341444
