region,amplitude_A,frequency_THz,is_baseline,analysis_stage,frame_count,mean_dislocation_density_A-2,delta_dislocation_density_A-2_vib_minus_base,reduction_dislocation_density_A-2_percent,mean_segment_number_density_A-3,delta_segment_number_density_A-3_vib_minus_base,reduction_segment_number_density_A-3_percent,mean_shockley_density_A-2,delta_shockley_density_A-2_vib_minus_base,reduction_shockley_density_A-2_percent,mean_perfect_density_A-2,delta_perfect_density_A-2_vib_minus_base,reduction_perfect_density_A-2_percent,mean_stair_rod_density_A-2,delta_stair_rod_density_A-2_vib_minus_base,reduction_stair_rod_density_A-2_percent,mean_hirth_density_A-2,delta_hirth_density_A-2_vib_minus_base,reduction_hirth_density_A-2_percent,mean_frank_density_A-2,delta_frank_density_A-2_vib_minus_base,reduction_frank_density_A-2_percent,mean_other_density_A-2,delta_other_density_A-2_vib_minus_base,reduction_other_density_A-2_percent,mean_hcp_fraction,delta_hcp_fraction_vib_minus_base,reduction_hcp_fraction_percent,mean_other_atom_fraction,delta_other_atom_fraction_vib_minus_base,reduction_other_atom_fraction_percent
elastic,,,1,after_removal,13,0.0,0.0,nan,0.0,0.0,nan,0.0,0.0,nan,0.0,0.0,nan,0.0,0.0,nan,0.0,0.0,nan,0.0,0.0,nan,0.0,0.0,nan,0.0,0.0,nan,0.0,0.0,nan
elastic,,,1,before,11,0.0,0.0,nan,0.0,0.0,nan,0.0,0.0,nan,0.0,0.0,nan,0.0,0.0,nan,0.0,0.0,nan,0.0,0.0,nan,0.0,0.0,nan,0.0,0.0,nan,0.0,0.0,nan
elastic,,,1,during_vibration,91,0.0,0.0,nan,0.0,0.0,nan,0.0,0.0,nan,0.0,0.0,nan,0.0,0.0,nan,0.0,0.0,nan,0.0,0.0,nan,0.0,0.0,nan,0.0,0.0,nan,0.0,0.0,nan
elastic,0.1,0.5,0,after_removal,13,0.0029362501459753955,0.0029362501459753955,nan,0.0002540132057947521,0.0002540132057947521,nan,0.002565678406867352,0.002565678406867352,nan,2.560137862330508e-05,2.560137862330508e-05,nan,0.0002043959633574588,0.0002043959633574588,nan,2.7417958440239044e-05,2.7417958440239044e-05,nan,4.453966955940147e-06,4.453966955940147e-06,nan,0.0001087024717311003,0.0001087024717311003,nan,0.02374928774928775,0.02374928774928775,nan,0.21268376068376066,0.21268376068376066,nan
elastic,0.1,0.5,0,before,11,0.0,0.0,nan,0.0,0.0,nan,0.0,0.0,nan,0.0,0.0,nan,0.0,0.0,nan,0.0,0.0,nan,0.0,0.0,nan,0.0,0.0,nan,0.0,0.0,nan,0.0,0.0,nan
elastic,0.1,0.5,0,during_vibration,91,7.510653485169414e-05,7.510653485169414e-05,nan,1.0110667406225137e-05,1.0110667406225137e-05,nan,5.05304363496957e-05,5.05304363496957e-05,nan,2.1237583872256065e-05,2.1237583872256065e-05,nan,0.0,0.0,nan,1.6762041383344951e-06,1.6762041383344951e-06,nan,0.0,0.0,nan,1.6623104914078832e-06,1.6623104914078832e-06,nan,0.00010093610093610093,0.00010093610093610093,nan,0.1293024013024013,0.1293024013024013,nan
elastic,0.1,0.8,0,after_removal,13,0.0018842348136732033,0.0018842348136732033,nan,0.00015172926223999504,0.00015172926223999504,nan,0.001701754185163273,0.001701754185163273,nan,5.039164727215577e-05,5.039164727215577e-05,nan,7.861001373759816e-05,7.861001373759816e-05,nan,5.767090165092408e-06,5.767090165092408e-06,nan,3.0019857504038776e-06,3.0019857504038776e-06,nan,4.4709891584679975e-05,4.4709891584679975e-05,nan,0.009253561253561252,0.009253561253561252,nan,0.18916239316239317,0.18916239316239317,nan
elastic,0.1,0.8,0,before,11,0.0,0.0,nan,0.0,0.0,nan,0.0,0.0,nan,0.0,0.0,nan,0.0,0.0,nan,0.0,0.0,nan,0.0,0.0,nan,0.0,0.0,nan,0.0,0.0,nan,0.0,0.0,nan
elastic,0.1,0.8,0,during_vibration,91,6.774521808841386e-05,6.774521808841386e-05,nan,8.79489562048351e-06,8.79489562048351e-06,nan,4.652629587106892e-05,4.652629587106892e-05,nan,2.0915285344112913e-05,2.0915285344112913e-05,nan,0.0,0.0,nan,3.036368732320244e-07,3.036368732320244e-07,nan,0.0,0.0,nan,0.0,0.0,nan,0.00011151811151811152,0.00011151811151811152,nan,0.12995115995115994,0.12995115995115994,nan
elastic,0.1,1.0,0,after_removal,13,0.002297970480375499,0.002297970480375499,nan,0.0001774214376352658,0.0001774214376352658,nan,0.0018597697629397845,0.0018597697629397845,nan,3.4880179684558605e-05,3.4880179684558605e-05,nan,0.00022310449159252058,0.00022310449159252058,nan,0.0001125302858999503,0.0001125302858999503,nan,0.0,0.0,nan,6.768576025868524e-05,6.768576025868524e-05,nan,0.02141880341880342,0.02141880341880342,nan,0.19838176638176638,0.19838176638176638,nan
elastic,0.1,1.0,0,before,11,0.0,0.0,nan,0.0,0.0,nan,0.0,0.0,nan,0.0,0.0,nan,0.0,0.0,nan,0.0,0.0,nan,0.0,0.0,nan,0.0,0.0,nan,0.0,0.0,nan,0.0,0.0,nan
elastic,0.1,1.0,0,during_vibration,91,2.4434257784004694e-05,2.4434257784004694e-05,nan,3.324055037663059e-06,3.324055037663059e-06,nan,1.5384757955082687e-05,1.5384757955082687e-05,nan,9.049499828922007e-06,9.049499828922007e-06,nan,0.0,0.0,nan,0.0,0.0,nan,0.0,0.0,nan,0.0,0.0,nan,7.163207163207163e-05,7.163207163207163e-05,nan,0.13496296296296295,0.13496296296296295,nan
elastic,0.1,1.2,0,after_removal,13,0.0014946290126906336,0.0014946290126906336,nan,0.00013427797329226398,0.00013427797329226398,nan,0.0012334792542847328,0.0012334792542847328,nan,4.239549061989733e-06,4.239549061989733e-06,nan,0.00020257744922563288,0.00020257744922563288,nan,2.9676072890062664e-05,2.9676072890062664e-05,nan,0.0,0.0,nan,2.465668722821541e-05,2.465668722821541e-05,nan,0.009173789173789174,0.009173789173789174,nan,0.19511680911680912,0.19511680911680912,nan
elastic,0.1,1.2,0,before,11,0.0,0.0,nan,0.0,0.0,nan,0.0,0.0,nan,0.0,0.0,nan,0.0,0.0,nan,0.0,0.0,nan,0.0,0.0,nan,0.0,0.0,nan,0.0,0.0,nan,0.0,0.0,nan
elastic,0.1,1.2,0,during_vibration,91,2.4153292690833068e-05,2.4153292690833068e-05,nan,3.1163015978091175e-06,3.1163015978091175e-06,nan,9.721657037234741e-06,9.721657037234741e-06,nan,1.4431635653598327e-05,1.4431635653598327e-05,nan,0.0,0.0,nan,0.0,0.0,nan,0.0,0.0,nan,0.0,0.0,nan,3.5002035002035e-05,3.5002035002035e-05,nan,0.1283988603988604,0.1283988603988604,nan
elastic,0.1,1.5,0,after_removal,13,0.0026910399052367637,0.0026910399052367637,nan,0.0001774214376352658,0.0001774214376352658,nan,0.0025069897382373374,0.0025069897382373374,nan,6.98024424115426e-06,6.98024424115426e-06,nan,9.71939092839681e-05,9.71939092839681e-05,nan,4.6362269838098346e-05,4.6362269838098346e-05,nan,0.0,0.0,nan,3.351374363620561e-05,3.351374363620561e-05,nan,0.03259259259259259,0.03259259259259259,nan,0.23437037037037037,0.23437037037037037,nan
elastic,0.1,1.5,0,before,11,0.0,0.0,nan,0.0,0.0,nan,0.0,0.0,nan,0.0,0.0,nan,0.0,0.0,nan,0.0,0.0,nan,0.0,0.0,nan,0.0,0.0,nan,0.0,0.0,nan,0.0,0.0,nan
elastic,0.1,1.5,0,during_vibration,91,0.0002599714134853542,0.0002599714134853542,nan,2.624618456821457e-05,2.624618456821457e-05,nan,0.0002069607286578697,0.0002069607286578697,nan,5.301068482748452e-05,5.301068482748452e-05,nan,0.0,0.0,nan,0.0,0.0,nan,0.0,0.0,nan,0.0,0.0,nan,0.0006202686202686202,0.0006202686202686202,nan,0.12504517704517704,0.12504517704517704,nan
elastic,0.2,0.5,0,after_removal,13,0.000917474615392688,0.000917474615392688,nan,8.046983237009323e-05,8.046983237009323e-05,nan,0.0008311120657986765,0.0008311120657986765,nan,0.0,0.0,nan,7.660349712259451e-05,7.660349712259451e-05,nan,1.873490847537275e-06,1.873490847537275e-06,nan,0.0,0.0,nan,7.885561623879706e-06,7.885561623879706e-06,nan,0.003886039886039886,0.003886039886039886,nan,0.19336182336182337,0.19336182336182337,nan
elastic,0.2,0.5,0,before,11,0.0,0.0,nan,0.0,0.0,nan,0.0,0.0,nan,0.0,0.0,nan,0.0,0.0,nan,0.0,0.0,nan,0.0,0.0,nan,0.0,0.0,nan,0.0,0.0,nan,0.0,0.0,nan
elastic,0.2,0.5,0,during_vibration,91,2.1204708322563237e-05,2.1204708322563237e-05,nan,2.4930412782472944e-06,2.4930412782472944e-06,nan,1.4288231308843604e-05,1.4288231308843604e-05,nan,6.9164770137196325e-06,6.9164770137196325e-06,nan,0.0,0.0,nan,0.0,0.0,nan,0.0,0.0,nan,0.0,0.0,nan,5.535205535205535e-05,5.535205535205535e-05,nan,0.13423524623524624,0.13423524623524624,nan
elastic,0.2,0.8,0,after_removal,13,0.0023426491487706347,0.0023426491487706347,nan,0.00016966530921405196,0.00016966530921405196,nan,0.002049156539585394,0.002049156539585394,nan,2.1715218160060175e-05,2.1715218160060175e-05,nan,0.0001403841670355061,0.0001403841670355061,nan,6.815680409015586e-05,6.815680409015586e-05,nan,0.0,0.0,nan,6.323641989951821e-05,6.323641989951821e-05,nan,0.0245982905982906,0.0245982905982906,nan,0.21056980056980057,0.21056980056980057,nan
elastic,0.2,0.8,0,before,11,0.0,0.0,nan,0.0,0.0,nan,0.0,0.0,nan,0.0,0.0,nan,0.0,0.0,nan,0.0,0.0,nan,0.0,0.0,nan,0.0,0.0,nan,0.0,0.0,nan,0.0,0.0,nan
elastic,0.2,0.8,0,during_vibration,91,6.143740858097111e-05,6.143740858097111e-05,nan,7.963881861067746e-06,7.963881861067746e-06,nan,5.606696455317635e-05,5.606696455317635e-05,nan,4.17797228511166e-06,4.17797228511166e-06,nan,0.0,0.0,nan,0.0,0.0,nan,0.0,0.0,nan,1.1924717426831177e-06,1.1924717426831177e-06,nan,0.00019943019943019944,0.00019943019943019944,nan,0.1414171754171754,0.1414171754171754,nan
elastic,0.2,1.0,0,after_removal,13,0.001890073579734091,0.001890073579734091,nan,0.00014833595605571402,0.00014833595605571402,nan,0.001779720215504373,0.001779720215504373,nan,4.1734579771076136e-05,4.1734579771076136e-05,nan,2.0638475940829548e-05,2.0638475940829548e-05,nan,0.0,0.0,nan,0.0,0.0,nan,4.798030851781219e-05,4.798030851781219e-05,nan,0.015082621082621083,0.015082621082621083,nan,0.24094017094017095,0.24094017094017095,nan
elastic,0.2,1.0,0,before,11,0.0,0.0,nan,0.0,0.0,nan,0.0,0.0,nan,0.0,0.0,nan,0.0,0.0,nan,0.0,0.0,nan,0.0,0.0,nan,0.0,0.0,nan,0.0,0.0,nan,0.0,0.0,nan
elastic,0.2,1.0,0,during_vibration,91,0.00012240948960568417,0.00012240948960568417,nan,1.1564941485202728e-05,1.1564941485202728e-05,nan,9.67515438979119e-05,9.67515438979119e-05,nan,2.502410882359126e-05,2.502410882359126e-05,nan,0.0,0.0,nan,0.0,0.0,nan,0.0,0.0,nan,6.338368841810142e-07,6.338368841810142e-07,nan,0.00025396825396825396,0.00025396825396825396,nan,0.1425925925925926,0.1425925925925926,nan
elastic,0.2,1.2,0,after_removal,13,0.0016958464031826092,0.0016958464031826092,nan,0.0001274913609237019,0.0001274913609237019,nan,0.0015333041431365173,0.0015333041431365173,nan,3.479039890924798e-05,3.479039890924798e-05,nan,8.736674039077665e-05,8.736674039077665e-05,nan,1.1051843540154641e-05,1.1051843540154641e-05,nan,0.0,0.0,nan,2.9333277205912686e-05,2.9333277205912686e-05,nan,0.010074074074074072,0.010074074074074072,nan,0.16648433048433048,0.16648433048433048,nan
elastic,0.2,1.2,0,before,11,0.0,0.0,nan,0.0,0.0,nan,0.0,0.0,nan,0.0,0.0,nan,0.0,0.0,nan,0.0,0.0,nan,0.0,0.0,nan,0.0,0.0,nan,0.0,0.0,nan,0.0,0.0,nan
elastic,0.2,1.2,0,during_vibration,91,8.99189597170354e-05,8.99189597170354e-05,nan,1.1218685752112823e-05,1.1218685752112823e-05,nan,4.0732630569680024e-05,4.0732630569680024e-05,nan,4.8013664944621225e-05,4.8013664944621225e-05,nan,0.0,0.0,nan,0.0,0.0,nan,0.0,0.0,nan,1.1726642027341552e-06,1.1726642027341552e-06,nan,0.00013756613756613756,0.00013756613756613756,nan,0.1396043956043956,0.1396043956043956,nan
elastic,0.2,1.5,0,after_removal,13,0.001947847322574592,0.001947847322574592,nan,0.00017499764750363646,0.00017499764750363646,nan,0.0015969362014603328,0.0015969362014603328,nan,6.342216057150218e-05,6.342216057150218e-05,nan,0.00010640300048587965,0.00010640300048587965,nan,3.8796892650893245e-05,3.8796892650893245e-05,nan,0.0,0.0,nan,0.0001422890674059841,0.0001422890674059841,nan,0.010792022792022793,0.010792022792022793,nan,0.1923874643874644,0.1923874643874644,nan
elastic,0.2,1.5,0,before,11,0.0,0.0,nan,0.0,0.0,nan,0.0,0.0,nan,0.0,0.0,nan,0.0,0.0,nan,0.0,0.0,nan,0.0,0.0,nan,0.0,0.0,nan,0.0,0.0,nan,0.0,0.0,nan
elastic,0.2,1.5,0,during_vibration,91,0.00014789319195945033,0.00014789319195945033,nan,1.5304503402573666e-05,1.5304503402573666e-05,nan,0.0001348396052447544,0.0001348396052447544,nan,1.264719402085911e-05,1.264719402085911e-05,nan,0.0,0.0,nan,0.0,0.0,nan,0.0,0.0,nan,4.0639269383685844e-07,4.0639269383685844e-07,nan,0.00026699226699226697,0.00026699226699226697,nan,0.1354074074074074,0.1354074074074074,nan
elastic,0.3,0.5,0,after_removal,13,0.0009165609560236435,0.0009165609560236435,nan,7.17441878962277e-05,7.17441878962277e-05,nan,0.0008092896062109821,0.0008092896062109821,nan,1.2065320063569771e-05,1.2065320063569771e-05,nan,7.943760206851754e-05,7.943760206851754e-05,nan,6.255169549315776e-06,6.255169549315776e-06,nan,0.0,0.0,nan,9.513258131258178e-06,9.513258131258178e-06,nan,0.007954415954415954,0.007954415954415954,nan,0.18664957264957266,0.18664957264957266,nan
elastic,0.3,0.5,0,before,11,0.0,0.0,nan,0.0,0.0,nan,0.0,0.0,nan,0.0,0.0,nan,0.0,0.0,nan,0.0,0.0,nan,0.0,0.0,nan,0.0,0.0,nan,0.0,0.0,nan,0.0,0.0,nan
elastic,0.3,0.5,0,during_vibration,91,9.239867216050384e-06,9.239867216050384e-06,nan,1.1772694925056666e-06,1.1772694925056666e-06,nan,9.239867216050384e-06,9.239867216050384e-06,nan,0.0,0.0,nan,0.0,0.0,nan,0.0,0.0,nan,0.0,0.0,nan,0.0,0.0,nan,6.512006512006512e-05,6.512006512006512e-05,nan,0.1594114774114774,0.1594114774114774,nan
elastic,0.3,0.8,0,after_removal,13,0.0015579591587651287,0.0015579591587651287,nan,0.00012991515105533123,0.00012991515105533123,nan,0.0013756171027906555,0.0013756171027906555,nan,2.0908337142358228e-05,2.0908337142358228e-05,nan,0.00010271528713729295,0.00010271528713729295,nan,1.2158402611155377e-05,1.2158402611155377e-05,nan,0.0,0.0,nan,4.656002908366675e-05,4.656002908366675e-05,nan,0.009116809116809118,0.009116809116809118,nan,0.2133105413105413,0.2133105413105413,nan
elastic,0.3,0.8,0,before,11,0.0,0.0,nan,0.0,0.0,nan,0.0,0.0,nan,0.0,0.0,nan,0.0,0.0,nan,0.0,0.0,nan,0.0,0.0,nan,0.0,0.0,nan,0.0,0.0,nan,0.0,0.0,nan
elastic,0.3,0.8,0,during_vibration,91,4.014180546844698e-05,4.014180546844698e-05,nan,4.847580263258627e-06,4.847580263258627e-06,nan,3.488331217110627e-05,3.488331217110627e-05,nan,4.8706587151782234e-06,4.8706587151782234e-06,nan,0.0,0.0,nan,3.8783458216248384e-07,3.8783458216248384e-07,nan,0.0,0.0,nan,0.0,0.0,nan,9.686609686609687e-05,9.686609686609687e-05,nan,0.16090028490028488,0.16090028490028488,nan
elastic,0.3,1.0,0,after_removal,13,0.0018907429637004768,0.0018907429637004768,nan,0.00015172926223999504,0.00015172926223999504,nan,0.0016157327357950793,0.0016157327357950793,nan,1.670369024799818e-05,1.670369024799818e-05,nan,0.00020195507199283972,0.00020195507199283972,nan,1.6476575294529148e-06,1.6476575294529148e-06,nan,0.0,0.0,nan,5.4703808135106605e-05,5.4703808135106605e-05,nan,0.015857549857549856,0.015857549857549856,nan,0.20771509971509972,0.20771509971509972,nan
elastic,0.3,1.0,0,before,11,0.0,0.0,nan,0.0,0.0,nan,0.0,0.0,nan,0.0,0.0,nan,0.0,0.0,nan,0.0,0.0,nan,0.0,0.0,nan,0.0,0.0,nan,0.0,0.0,nan,0.0,0.0,nan
elastic,0.3,1.0,0,during_vibration,91,3.1473015424555176e-05,3.1473015424555176e-05,nan,4.016566503842863e-06,4.016566503842863e-06,nan,2.2143199514287732e-05,2.2143199514287732e-05,nan,9.329815910267448e-06,9.329815910267448e-06,nan,0.0,0.0,nan,0.0,0.0,nan,0.0,0.0,nan,0.0,0.0,nan,9.035409035409036e-05,9.035409035409036e-05,nan,0.15053398453398453,0.15053398453398453,nan
elastic,0.3,1.2,0,after_removal,13,0.0023358422880193144,0.0023358422880193144,nan,0.00018808611421443475,0.00018808611421443475,nan,0.0019883019331944462,0.0019883019331944462,nan,3.671445015081263e-05,3.671445015081263e-05,nan,0.00019175260190025105,0.00019175260190025105,nan,6.712896320698268e-05,6.712896320698268e-05,nan,0.0,0.0,nan,5.1944339566822044e-05,5.1944339566822044e-05,nan,0.02385754985754986,0.02385754985754986,nan,0.20395441595441594,0.20395441595441594,nan
elastic,0.3,1.2,0,before,11,0.0,0.0,nan,0.0,0.0,nan,0.0,0.0,nan,0.0,0.0,nan,0.0,0.0,nan,0.0,0.0,nan,0.0,0.0,nan,0.0,0.0,nan,0.0,0.0,nan,0.0,0.0,nan
elastic,0.3,1.2,0,during_vibration,91,4.4175163413204365e-05,4.4175163413204365e-05,nan,6.509607782090157e-06,6.509607782090157e-06,nan,2.4340939029174633e-05,2.4340939029174633e-05,nan,1.939410324333438e-05,1.939410324333438e-05,nan,0.0,0.0,nan,0.0,0.0,nan,0.0,0.0,nan,4.401211406953464e-07,4.401211406953464e-07,nan,8.872608872608872e-05,8.872608872608872e-05,nan,0.1501115181115181,0.1501115181115181,nan
elastic,0.3,1.5,0,after_removal,13,0.0018575438116806425,0.0018575438116806425,nan,0.0001459121659240847,0.0001459121659240847,nan,0.0015771962012571849,0.0015771962012571849,nan,6.740940928910034e-05,6.740940928910034e-05,nan,0.0001646710451650157,0.0001646710451650157,nan,1.6176764288893034e-05,1.6176764288893034e-05,nan,0.0,0.0,nan,3.209039168044867e-05,3.209039168044867e-05,nan,0.018056980056980056,0.018056980056980056,nan,0.18677492877492877,0.18677492877492877,nan
elastic,0.3,1.5,0,before,11,0.0,0.0,nan,0.0,0.0,nan,0.0,0.0,nan,0.0,0.0,nan,0.0,0.0,nan,0.0,0.0,nan,0.0,0.0,nan,0.0,0.0,nan,0.0,0.0,nan,0.0,0.0,nan
elastic,0.3,1.5,0,during_vibration,91,3.498865346764501e-05,3.498865346764501e-05,nan,4.085817650460844e-06,4.085817650460844e-06,nan,3.498865346764501e-05,3.498865346764501e-05,nan,0.0,0.0,nan,0.0,0.0,nan,0.0,0.0,nan,0.0,0.0,nan,0.0,0.0,nan,7.081807081807082e-05,7.081807081807082e-05,nan,0.1486707366707367,0.1486707366707367,nan
elastic,0.4,0.5,0,after_removal,13,0.0014273905820519745,0.0014273905820519745,nan,0.00012409805473942087,0.00012409805473942087,nan,0.0012860851123819494,0.0012860851123819494,nan,1.215894664986361e-05,1.215894664986361e-05,nan,8.761113108996679e-05,8.761113108996679e-05,nan,3.168018193919432e-06,3.168018193919432e-06,nan,0.0,0.0,nan,3.8367373736275245e-05,3.8367373736275245e-05,nan,0.009202279202279203,0.009202279202279203,nan,0.2059202279202279,0.2059202279202279,nan
elastic,0.4,0.5,0,before,11,0.0,0.0,nan,0.0,0.0,nan,0.0,0.0,nan,0.0,0.0,nan,0.0,0.0,nan,0.0,0.0,nan,0.0,0.0,nan,0.0,0.0,nan,0.0,0.0,nan,0.0,0.0,nan
elastic,0.4,0.5,0,during_vibration,91,4.509676885300464e-06,4.509676885300464e-06,nan,5.540091729438431e-07,5.540091729438431e-07,nan,3.707244465970492e-06,3.707244465970492e-06,nan,8.024324193299721e-07,8.024324193299721e-07,nan,0.0,0.0,nan,0.0,0.0,nan,0.0,0.0,nan,0.0,0.0,nan,6.267806267806268e-05,6.267806267806268e-05,nan,0.21207977207977208,0.21207977207977208,nan
elastic,0.4,0.8,0,after_removal,13,0.0011770454979566894,0.0011770454979566894,nan,9.549733118619496e-05,9.549733118619496e-05,nan,0.0010156220479682122,0.0010156220479682122,nan,3.77334979499532e-05,3.77334979499532e-05,nan,8.666007796937493e-05,8.666007796937493e-05,nan,1.5030020615095075e-05,1.5030020615095075e-05,nan,0.0,0.0,nan,2.1999853454053784e-05,2.1999853454053784e-05,nan,0.0053561253561253555,0.0053561253561253555,nan,0.16739601139601137,0.16739601139601137,nan
elastic,0.4,0.8,0,before,11,0.0,0.0,nan,0.0,0.0,nan,0.0,0.0,nan,0.0,0.0,nan,0.0,0.0,nan,0.0,0.0,nan,0.0,0.0,nan,0.0,0.0,nan,0.0,0.0,nan,0.0,0.0,nan
elastic,0.4,0.8,0,during_vibration,91,6.0807380796179984e-06,6.0807380796179984e-06,nan,9.002649060337451e-07,9.002649060337451e-07,nan,3.594242591543923e-06,3.594242591543923e-06,nan,0.0,0.0,nan,0.0,0.0,nan,0.0,0.0,nan,0.0,0.0,nan,2.4864954880740764e-06,2.4864954880740764e-06,nan,7.488807488807489e-05,7.488807488807489e-05,nan,0.17445014245014245,0.17445014245014245,nan
elastic,0.4,1.0,0,after_removal,13,0.0016728702581265671,0.0016728702581265671,nan,0.00015948539066120885,0.00015948539066120885,nan,0.0014450673476458496,0.0014450673476458496,nan,1.1361080406023387e-05,1.1361080406023387e-05,nan,0.00013679683921687292,0.00013679683921687292,nan,1.6062275092084084e-05,1.6062275092084084e-05,nan,2.0471248474270595e-06,2.0471248474270595e-06,nan,6.153559091831008e-05,6.153559091831008e-05,nan,0.008974358974358974,0.008974358974358974,nan,0.19545299145299147,0.19545299145299147,nan
elastic,0.4,1.0,0,before,11,0.0,0.0,nan,0.0,0.0,nan,0.0,0.0,nan,0.0,0.0,nan,0.0,0.0,nan,0.0,0.0,nan,0.0,0.0,nan,0.0,0.0,nan,0.0,0.0,nan,0.0,0.0,nan
elastic,0.4,1.0,0,during_vibration,91,1.4875633551235512e-05,1.4875633551235512e-05,nan,1.592776372213549e-06,1.592776372213549e-06,nan,6.4403565435064535e-06,6.4403565435064535e-06,nan,8.063490535052935e-06,8.063490535052935e-06,nan,0.0,0.0,nan,0.0,0.0,nan,0.0,0.0,nan,3.717864726761251e-07,3.717864726761251e-07,nan,8.221408221408222e-05,8.221408221408222e-05,nan,0.15148392348392348,0.15148392348392348,nan
elastic,0.4,1.2,0,after_removal,13,0.0010777118674172024,0.0010777118674172024,nan,0.00011004007197597083,0.00011004007197597083,nan,0.000916838094852026,0.000916838094852026,nan,2.2209254794071167e-05,2.2209254794071167e-05,nan,0.00011657979412826469,0.00011657979412826469,nan,6.224483222803613e-06,6.224483222803613e-06,nan,0.0,0.0,nan,1.5860240420036893e-05,1.5860240420036893e-05,nan,0.005168091168091167,0.005168091168091167,nan,0.18540170940170939,0.18540170940170939,nan
elastic,0.4,1.2,0,before,11,0.0,0.0,nan,0.0,0.0,nan,0.0,0.0,nan,0.0,0.0,nan,0.0,0.0,nan,0.0,0.0,nan,0.0,0.0,nan,0.0,0.0,nan,0.0,0.0,nan,0.0,0.0,nan
elastic,0.4,1.2,0,during_vibration,91,4.942050317106007e-06,4.942050317106007e-06,nan,7.617626127977844e-07,7.617626127977844e-07,nan,3.4432355251439553e-06,3.4432355251439553e-06,nan,1.4988147919620521e-06,1.4988147919620521e-06,nan,0.0,0.0,nan,0.0,0.0,nan,0.0,0.0,nan,0.0,0.0,nan,4.558404558404559e-05,4.558404558404559e-05,nan,0.14335938135938134,0.14335938135938134,nan
elastic,0.4,1.5,0,after_removal,13,0.0015981438355072116,0.0015981438355072116,nan,0.0001367017634238933,0.0001367017634238933,nan,0.0013632482133150436,0.0013632482133150436,nan,2.0148210461682964e-05,2.0148210461682964e-05,nan,7.519251674395567e-05,7.519251674395567e-05,nan,1.0430570761262875e-05,1.0430570761262875e-05,nan,3.6084774416216807e-06,3.6084774416216807e-06,nan,0.00012551584678364478,0.00012551584678364478,nan,0.010472934472934474,0.010472934472934474,nan,0.19709401709401708,0.19709401709401708,nan
elastic,0.4,1.5,0,before,11,0.0,0.0,nan,0.0,0.0,nan,0.0,0.0,nan,0.0,0.0,nan,0.0,0.0,nan,0.0,0.0,nan,0.0,0.0,nan,0.0,0.0,nan,0.0,0.0,nan,0.0,0.0,nan
elastic,0.4,1.5,0,during_vibration,91,1.3897758411737272e-05,1.3897758411737272e-05,nan,1.8697809586854708e-06,1.8697809586854708e-06,nan,1.3167402541388263e-05,1.3167402541388263e-05,nan,0.0,0.0,nan,0.0,0.0,nan,0.0,0.0,nan,0.0,0.0,nan,7.3035587034901e-07,7.3035587034901e-07,nan,8.221408221408222e-05,8.221408221408222e-05,nan,0.15297110297110297,0.15297110297110297,nan
elastic,0.5,0.5,0,after_removal,13,0.00045671874213943064,0.00045671874213943064,nan,4.265870631667593e-05,4.265870631667593e-05,nan,0.00042452275483940944,0.00042452275483940944,nan,0.0,0.0,nan,3.2195987300021176e-05,3.2195987300021176e-05,nan,0.0,0.0,nan,0.0,0.0,nan,0.0,0.0,nan,0.0029743589743589744,0.0029743589743589744,nan,0.21147578347578347,0.21147578347578347,nan
elastic,0.5,0.5,0,before,11,0.0,0.0,nan,0.0,0.0,nan,0.0,0.0,nan,0.0,0.0,nan,0.0,0.0,nan,0.0,0.0,nan,0.0,0.0,nan,0.0,0.0,nan,0.0,0.0,nan,0.0,0.0,nan
elastic,0.5,0.5,0,during_vibration,91,1.661708290583948e-06,1.661708290583948e-06,nan,2.0775343985394116e-07,2.0775343985394116e-07,nan,1.661708290583948e-06,1.661708290583948e-06,nan,0.0,0.0,nan,0.0,0.0,nan,0.0,0.0,nan,0.0,0.0,nan,0.0,0.0,nan,2.9304029304029302e-05,2.9304029304029302e-05,nan,0.2442238502238502,0.2442238502238502,nan
elastic,0.5,0.8,0,after_removal,13,0.0015942000211751723,0.0015942000211751723,nan,0.00010325345960740877,0.00010325345960740877,nan,0.0014889920542773204,0.0014889920542773204,nan,1.633173588202387e-05,1.633173588202387e-05,nan,6.355966271349064e-05,6.355966271349064e-05,nan,5.968204835292434e-06,5.968204835292434e-06,nan,0.0,0.0,nan,1.9348363467044865e-05,1.9348363467044865e-05,nan,0.014444444444444444,0.014444444444444444,nan,0.22176638176638178,0.22176638176638178,nan
elastic,0.5,0.8,0,before,11,0.0,0.0,nan,0.0,0.0,nan,0.0,0.0,nan,0.0,0.0,nan,0.0,0.0,nan,0.0,0.0,nan,0.0,0.0,nan,0.0,0.0,nan,0.0,0.0,nan,0.0,0.0,nan
elastic,0.5,0.8,0,during_vibration,91,3.0940627700576393e-06,3.0940627700576393e-06,nan,2.7700458647192157e-07,2.7700458647192157e-07,nan,3.0940627700576393e-06,3.0940627700576393e-06,nan,0.0,0.0,nan,0.0,0.0,nan,0.0,0.0,nan,0.0,0.0,nan,0.0,0.0,nan,4.802604802604802e-05,4.802604802604802e-05,nan,0.29424175824175824,0.29424175824175824,nan
elastic,0.5,1.0,0,after_removal,13,0.0009806421844134946,0.0009806421844134946,nan,8.289362250172253e-05,8.289362250172253e-05,nan,0.0009054237359674586,0.0009054237359674586,nan,0.0,0.0,nan,3.981583999612218e-05,3.981583999612218e-05,nan,2.0143663509002512e-05,2.0143663509002512e-05,nan,0.0,0.0,nan,1.525894494091134e-05,1.525894494091134e-05,nan,0.005418803418803419,0.005418803418803419,nan,0.21243304843304842,0.21243304843304842,nan
elastic,0.5,1.0,0,before,11,0.0,0.0,nan,0.0,0.0,nan,0.0,0.0,nan,0.0,0.0,nan,0.0,0.0,nan,0.0,0.0,nan,0.0,0.0,nan,0.0,0.0,nan,0.0,0.0,nan,0.0,0.0,nan
elastic,0.5,1.0,0,during_vibration,91,4.5296112322078e-06,4.5296112322078e-06,nan,6.232603195618236e-07,6.232603195618236e-07,nan,4.5296112322078e-06,4.5296112322078e-06,nan,0.0,0.0,nan,0.0,0.0,nan,0.0,0.0,nan,0.0,0.0,nan,0.0,0.0,nan,6.023606023606024e-05,6.023606023606024e-05,nan,0.2668270248270248,0.2668270248270248,nan
elastic,0.5,1.2,0,after_removal,13,0.0006503154194189355,0.0006503154194189355,nan,5.720144710645181e-05,5.720144710645181e-05,nan,0.0005530215834016645,0.0005530215834016645,nan,1.2279088275866594e-05,1.2279088275866594e-05,nan,7.016710061379401e-05,7.016710061379401e-05,nan,0.0,0.0,nan,0.0,0.0,nan,1.4847647127610306e-05,1.4847647127610306e-05,nan,0.0036353276353276354,0.0036353276353276354,nan,0.17885470085470084,0.17885470085470084,nan
elastic,0.5,1.2,0,before,11,0.0,0.0,nan,0.0,0.0,nan,0.0,0.0,nan,0.0,0.0,nan,0.0,0.0,nan,0.0,0.0,nan,0.0,0.0,nan,0.0,0.0,nan,0.0,0.0,nan,0.0,0.0,nan
elastic,0.5,1.2,0,during_vibration,91,1.4090119858301718e-06,1.4090119858301718e-06,nan,1.3850229323596078e-07,1.3850229323596078e-07,nan,5.437236886014684e-07,5.437236886014684e-07,nan,8.652882972287033e-07,8.652882972287033e-07,nan,0.0,0.0,nan,0.0,0.0,nan,0.0,0.0,nan,0.0,0.0,nan,2.9304029304029302e-05,2.9304029304029302e-05,nan,0.23546601546601548,0.23546601546601548,nan
elastic,0.5,1.5,0,after_removal,13,0.0015700307765465324,0.0015700307765465324,nan,0.0001444578918451071,0.0001444578918451071,nan,0.0014176376227163204,0.0014176376227163204,nan,3.7174079902246875e-06,3.7174079902246875e-06,nan,0.00012205589772774865,0.00012205589772774865,nan,5.7957893387631866e-06,5.7957893387631866e-06,nan,0.0,0.0,nan,2.0824058773475594e-05,2.0824058773475594e-05,nan,0.009886039886039887,0.009886039886039887,nan,0.2361139601139601,0.2361139601139601,nan
elastic,0.5,1.5,0,before,11,0.0,0.0,nan,0.0,0.0,nan,0.0,0.0,nan,0.0,0.0,nan,0.0,0.0,nan,0.0,0.0,nan,0.0,0.0,nan,0.0,0.0,nan,0.0,0.0,nan,0.0,0.0,nan
elastic,0.5,1.5,0,during_vibration,91,1.286841050826333e-05,1.286841050826333e-05,nan,1.3157717857416275e-06,1.3157717857416275e-06,nan,5.421382207550225e-06,5.421382207550225e-06,nan,6.855279169695832e-06,6.855279169695832e-06,nan,0.0,0.0,nan,0.0,0.0,nan,0.0,0.0,nan,5.917491310172739e-07,5.917491310172739e-07,nan,4.9654049654049646e-05,4.9654049654049646e-05,nan,0.18486202686202685,0.18486202686202685,nan
flow,,,1,after_removal,13,0.01290523128283891,0.0,0.0,0.0007673719556738407,0.0,0.0,0.009315578147388764,0.0,0.0,0.00013238388063554127,0.0,0.0,0.0006787525812238183,0.0,0.0,0.0005208626621527144,0.0,0.0,0.00011089556322821837,0.0,0.0,0.0021467584482098524,0.0,0.0,0.27321367521367523,0.0,0.0,0.3907407407407408,0.0,0.0
flow,,,1,before,11,0.017175513920109294,0.0,0.0,0.0007487748750275213,0.0,0.0,0.012442953739226308,0.0,0.0,0.0002482291109674316,0.0,0.0,0.0012771868050741218,0.0,0.0,0.0009029127062716201,0.0,0.0,0.0,0.0,nan,0.0023042315585698123,0.0,0.0,0.28530639730639734,0.0,0.0,0.306020202020202,0.0,0.0
flow,,,1,during_vibration,291,0.009112288978637645,0.0,0.0,0.0006696207495405018,0.0,0.0,0.006264538056978461,0.0,0.0,0.0001688929078699701,0.0,0.0,0.0007016698955767818,0.0,0.0,0.000490196497331637,0.0,0.0,2.291937910205496e-06,0.0,0.0,0.0014846996829705889,0.0,0.0,0.2701975308641975,0.0,0.0,0.3297576683212422,0.0,0.0
flow,0.1,0.5,0,after_removal,13,0.00878873770672128,-0.00411649357611763,31.897867507354572,0.000748951150673458,-1.8420805000382763e-05,2.4005053695514817,0.007553155905779277,-0.0017624222416094872,18.919086005451085,6.472294120889741e-05,-6.766093942664386e-05,51.10965104045972,0.00042604083498217393,-0.0002527117462416444,37.23179155886154,0.00022618216894930836,-0.00029468049320340603,56.57546885497566,1.0361893804893643e-05,-0.00010053366942332472,90.65616918905106,0.0005082739619967284,-0.001638484486213124,76.32365381300491,0.1873960113960114,-0.08581766381766384,31.410456943836166,0.43225641025641026,0.041515669515669484,-10.624863288370388
flow,0.1,0.5,0,before,11,0.011551924707260804,-0.005623589212848491,32.741897791275555,0.0008009083973132936,5.2133522285772354e-05,-6.9625095638867665,0.009058251172152159,-0.0033847025670741496,27.20176123779921,3.334374868364647e-05,-0.00021488536228378517,86.56734959340798,0.0010867277793139057,-0.00019045902576021604,14.912385956662206,0.00037769545951317783,-0.0005252172467584424,58.16921648242295,0.0,0.0,nan,0.0009959065475979153,-0.001308325010971897,56.779233237476646,0.22419528619528617,-0.06111111111111117,21.41946752265863,0.33882154882154886,0.03280134680134683,-10.718686735322605
flow,0.1,0.5,0,during_vibration,291,0.007697319419351449,-0.0014149695592861958,15.528146249568836,0.0006472719052752517,-2.23488442652501e-05,3.3375375958086764,0.006284257410908426,1.9719353929964836e-05,-0.3147774624498963,6.314706921434363e-05,-0.00010574583865562646,62.61117769198439,0.0006959836634997073,-5.686232077074544e-06,0.81038564044427,0.00016894944652936613,-0.0003212470508022708,65.53434236086242,1.4919742331815074e-07,-2.142740486887345e-06,93.4903374714556,0.0004848326317762875,-0.0009998670511943014,67.34473393257323,0.20389257986508846,-0.06630495099910905,24.53943631055393,0.39614102074583174,0.06638335242458954,-20.130950331660046
flow,0.1,0.8,0,after_removal,13,0.008829684115136599,-0.004075547167702311,31.58058215602756,0.000734893167910008,-3.2478787763832746e-05,4.232469993682873,0.007516601124759872,-0.001798977022628892,19.311490861500214,0.00012692269032389512,-5.461190311646143e-06,4.125268337374883,0.00025634957757791237,-0.00042240300364590597,62.23225006147251,0.0003320588679007487,-0.00018880379425196566,36.248287306992516,0.0,-0.00011089556322821837,100.0,0.0005977518545741686,-0.001549006593635684,72.15560720990179,0.20229629629629628,-0.07091737891737895,25.95674570898247,0.41097435897435897,0.02023361823361819,-5.1782719650018105
flow,0.1,0.8,0,before,11,0.011551924707260804,-0.005623589212848491,32.741897791275555,0.0008009083973132936,5.2133522285772354e-05,-6.9625095638867665,0.009058251172152159,-0.0033847025670741496,27.20176123779921,3.334374868364647e-05,-0.00021488536228378517,86.56734959340798,0.0010867277793139057,-0.00019045902576021604,14.912385956662206,0.00037769545951317783,-0.0005252172467584424,58.16921648242295,0.0,0.0,nan,0.0009959065475979153,-0.001308325010971897,56.779233237476646,0.22419528619528617,-0.06111111111111117,21.41946752265863,0.33882154882154886,0.03280134680134683,-10.718686735322605
flow,0.1,0.8,0,during_vibration,291,0.007762897777543495,-0.0013493912010941493,14.808476819135002,0.0006607851599472633,-8.835589593238495e-06,1.319491607645303,0.0062863923199522895,2.1854262973828448e-05,-0.34885673572504866,7.527554860744204e-05,-9.361735926252805e-05,55.43001209654324,0.0007006153184792714,-1.0545770975104113e-06,0.15029533177328852,0.00016833586538955074,-0.0003218606319420862,65.65951280641954,0.0,-2.291937910205496e-06,100.0,0.000532278725114942,-0.0009524209578556468,64.14906454011238,0.2049005981926944,-0.0652969326715031,24.166369123602998,0.397907089219804,0.0681494208985618,-20.666515882861056
flow,0.1,1.0,0,after_removal,13,0.008202458408804417,-0.004702772874034493,36.44082597952457,0.0006786612368562078,-8.87107188176329e-05,11.560328490208468,0.007035547118844293,-0.0022800310285444707,24.475464565595242,8.973402044127811e-05,-4.2649860194263154e-05,32.21680765778435,0.0003875489461117439,-0.00029120363511207445,42.90276651132914,0.0001667341848990907,-0.00035412847725362366,67.98883909052304,5.927841035801544e-06,-0.00010496772219241682,94.65457330912122,0.0005169662974722097,-0.0016297921507376426,75.91874866483931,0.19496866096866097,-0.07824501424501426,28.638762017977438,0.41661538461538467,0.025874643874643888,-6.621946773605544
flow,0.1,1.0,0,before,11,0.011551924707260804,-0.005623589212848491,32.741897791275555,0.0008009083973132936,5.2133522285772354e-05,-6.9625095638867665,0.009058251172152159,-0.0033847025670741496,27.20176123779921,3.334374868364647e-05,-0.00021488536228378517,86.56734959340798,0.0010867277793139057,-0.00019045902576021604,14.912385956662206,0.00037769545951317783,-0.0005252172467584424,58.16921648242295,0.0,0.0,nan,0.0009959065475979153,-0.001308325010971897,56.779233237476646,0.22419528619528617,-0.06111111111111117,21.41946752265863,0.33882154882154886,0.03280134680134683,-10.718686735322605
flow,0.1,1.0,0,during_vibration,291,0.007997331825963998,-0.001114957152673646,12.235752787115192,0.0006764856561607385,6.864906620236656e-06,-1.0251932343714558,0.006466972571838169,0.0002024345148597083,-3.231435630504372,7.432286416379301e-05,-9.457004370617708e-05,55.99408814666519,0.0007480152275894686,4.634533201268681e-05,-6.605005046509847,0.00016594596522718962,-0.0003242505321044473,66.14705202291138,0.0,-2.291937910205496e-06,100.0,0.0005420751971453776,-0.0009426244858252112,63.48923601433032,0.2060239277077765,-0.06417360315642101,23.750625311478125,0.3936163930253277,0.06385872470408549,-19.365349418311574
flow,0.1,1.2,0,after_removal,13,0.008616649317182378,-0.004288581965656532,33.231345271273,0.0007053229283041304,-6.204902736971034e-05,8.085912823752357,0.007247667989727268,-0.002067910157661496,22.198409212434644,9.520568578801048e-05,-3.7178194847530785e-05,28.083626699147775,0.0005106474295369479,-0.0001681051516868704,24.766778990920375,0.00024397770526779296,-0.00027688495688492137,53.1589182723449,2.9296397124116922e-06,-0.00010796592351580668,97.35819934799139,0.0005162208671499477,-0.0016305375810599047,75.95347219523389,0.19495726495726495,-0.07825641025641028,28.642933116436218,0.4071965811965812,0.01645584045584042,-4.21144732045205
flow,0.1,1.2,0,before,11,0.011551924707260804,-0.005623589212848491,32.741897791275555,0.0008009083973132936,5.2133522285772354e-05,-6.9625095638867665,0.009058251172152159,-0.0033847025670741496,27.20176123779921,3.334374868364647e-05,-0.00021488536228378517,86.56734959340798,0.0010867277793139057,-0.00019045902576021604,14.912385956662206,0.00037769545951317783,-0.0005252172467584424,58.16921648242295,0.0,0.0,nan,0.0009959065475979153,-0.001308325010971897,56.779233237476646,0.22419528619528617,-0.06111111111111117,21.41946752265863,0.33882154882154886,0.03280134680134683,-10.718686735322605
flow,0.1,1.2,0,during_vibration,291,0.007852468468891382,-0.0012598205097462626,13.825510941320204,0.0006546132407461042,-1.5007508794397605e-05,2.241195304162223,0.0063382672745770615,7.37292175986004e-05,-1.1769298378907416,8.656734427169809e-05,-8.2325563598272e-05,48.74423955187869,0.0007240134205078546,2.2343524931072757e-05,-3.1843356928839146,0.0001623933379593966,-0.00032780315937224033,66.87178736621384,0.0,-2.291937910205496e-06,100.0,0.0005412270915753718,-0.0009434725913952171,63.54635905272883,0.20531271477663232,-0.06488481608756519,24.013844937826832,0.3947216494845361,0.06496398116329388,-19.70052174799086
flow,0.1,1.5,0,after_removal,13,0.009193992736594995,-0.003711238546243915,28.757629095567143,0.0007964574372533925,2.9085481579551827e-05,-3.790271636133931,0.007340747738972527,-0.001974830408416237,21.199225396115633,0.00010099483026408653,-3.1389050371454736e-05,23.710628681349956,0.0005173177608706957,-0.00016143482035312269,23.7840451467675,0.0003566367093950418,-0.00016422595275767256,31.52960745524169,0.0,-0.00011089556322821837,100.0,0.000878295697092643,-0.0012684627511172094,59.087353408342715,0.20400000000000001,-0.06921367521367522,25.33316648939498,0.4115840455840456,0.020843304843304822,-5.334305504921613
flow,0.1,1.5,0,before,11,0.011551924707260804,-0.005623589212848491,32.741897791275555,0.0008009083973132936,5.2133522285772354e-05,-6.9625095638867665,0.009058251172152159,-0.0033847025670741496,27.20176123779921,3.334374868364647e-05,-0.00021488536228378517,86.56734959340798,0.0010867277793139057,-0.00019045902576021604,14.912385956662206,0.00037769545951317783,-0.0005252172467584424,58.16921648242295,0.0,0.0,nan,0.0009959065475979153,-0.001308325010971897,56.779233237476646,0.22419528619528617,-0.06111111111111117,21.41946752265863,0.33882154882154886,0.03280134680134683,-10.718686735322605
flow,0.1,1.5,0,during_vibration,291,0.007791708181611729,-0.0013205807970259158,14.492305941150613,0.0006441101501757104,-2.5510599364791378e-05,3.809708612269993,0.006263369170581231,-1.168886397230097e-06,0.018658780369735343,7.18672438552482e-05,-9.702566401472188e-05,57.448039256581175,0.000710561218889255,8.891323312473168e-06,-1.26716613731367,0.00017469453232371829,-0.00031550196500791867,64.36234586035187,0.0,-2.291937910205496e-06,100.0,0.0005712160159622761,-0.0009134836670083127,61.526494380372846,0.20499936362479318,-0.06519816723940433,24.12981607599265,0.39499809087437954,0.06524042255313733,-19.78435342694795
flow,0.2,0.5,0,after_removal,13,0.008033239371803056,-0.0048719919110358535,37.75206971698772,0.0006539385775135889,-0.00011343337816025183,14.782059380922293,0.006704461607049418,-0.0026111165403393463,28.029570457430648,3.6759133161714516e-05,-9.562474747382675e-05,72.2329236873528,0.00045602191934424367,-0.00022273066187957467,32.81470568818792,0.00025532004905942906,-0.0002655426130932853,50.98131088832578,5.811312840612457e-06,-0.00010508425038760591,94.75965253122615,0.0005748653503476401,-0.0015718930978622122,73.22170312980433,0.1923019943019943,-0.08091168091168094,29.61479905733176,0.427076923076923,0.03633618233618224,-9.299307327743323
flow,0.2,0.5,0,before,11,0.011551924707260804,-0.005623589212848491,32.741897791275555,0.0008009083973132936,5.2133522285772354e-05,-6.9625095638867665,0.009058251172152159,-0.0033847025670741496,27.20176123779921,3.334374868364647e-05,-0.00021488536228378517,86.56734959340798,0.0010867277793139057,-0.00019045902576021604,14.912385956662206,0.00037769545951317783,-0.0005252172467584424,58.16921648242295,0.0,0.0,nan,0.0009959065475979153,-0.001308325010971897,56.779233237476646,0.22419528619528617,-0.06111111111111117,21.41946752265863,0.33882154882154886,0.03280134680134683,-10.718686735322605
flow,0.2,0.5,0,during_vibration,291,0.0075127867789634905,-0.001599502199674154,17.553242697020917,0.0006258109511406947,-4.380979839980711e-05,6.542479221241229,0.006159152957144757,-0.00010538509983370418,1.6822485373252563,3.8217019604391675e-05,-0.0001306758882655784,77.37204001850996,0.0006759647547038764,-2.5705140872905462e-05,3.663423646211229,0.0001749823435587967,-0.00031521415377284024,64.30363241856982,0.0,-2.291937910205496e-06,100.0,0.0004644697039516692,-0.0010202299790189196,68.71625223073008,0.19768053964617538,-0.07251699121802213,26.83850995458189,0.4029680539646175,0.07321038564337529,-22.201268590987077
flow,0.2,0.8,0,after_removal,13,0.009088025545808275,-0.003817205737030635,29.578747202358706,0.0008206953385696857,5.3323382895845e-05,-6.948831332912205,0.007595716920203626,-0.0017198612271851384,18.462205994882133,0.00013916694409604491,6.7830634605036495e-06,-5.123783521029819,0.00033935529784521513,-0.0003393972833786032,50.00309284520969,0.0003618026533997609,-0.00015906000875295348,30.53780205621993,4.2286192694369944e-06,-0.00010666694395878136,96.1868454008979,0.0006477551109941893,-0.001499003337215663,69.82636255446708,0.17839886039886038,-0.09481481481481485,34.70353917704229,0.428951566951567,0.03821082621082622,-9.779074006562158
flow,0.2,0.8,0,before,11,0.011551924707260804,-0.005623589212848491,32.741897791275555,0.0008009083973132936,5.2133522285772354e-05,-6.9625095638867665,0.009058251172152159,-0.0033847025670741496,27.20176123779921,3.334374868364647e-05,-0.00021488536228378517,86.56734959340798,0.0010867277793139057,-0.00019045902576021604,14.912385956662206,0.00037769545951317783,-0.0005252172467584424,58.16921648242295,0.0,0.0,nan,0.0009959065475979153,-0.001308325010971897,56.779233237476646,0.22419528619528617,-0.06111111111111117,21.41946752265863,0.33882154882154886,0.03280134680134683,-10.718686735322605
flow,0.2,0.8,0,during_vibration,291,0.007793201858835022,-0.0013190871198026227,14.475914041960467,0.000657839963416184,-1.1780786124317849e-05,1.759322143527049,0.006343247458469955,7.870940149149429e-05,-1.2564278606914194,7.797776300573482e-05,-9.091514486423526e-05,53.83005480267439,0.0006588887853362679,-4.2781110240513965e-05,6.097042285866823,0.000186774794178888,-0.0003034217031527489,61.89797454784186,8.80925169789395e-08,-2.2038453932265565e-06,96.1564178249907,0.0005262249653271967,-0.0009584747176433922,64.55680759126147,0.1992534046073565,-0.07094412625684102,26.256393250498594,0.40298587247040857,0.07322820414916636,-22.206672106205325
flow,0.2,1.0,0,after_removal,13,0.008851220938670355,-0.004054010344168555,31.413697711558942,0.0007901555829111563,2.2783627237315542e-05,-2.969046114971572,0.007259360999770085,-0.0020562171476186794,22.07288817812188,8.60479303360192e-05,-4.6335950299522066e-05,35.001202621554064,0.0004939313844556218,-0.00018482119676819652,27.22953869802696,0.000208771436368274,-0.00031209122578444037,59.9181412801935,1.9844400812792605e-05,-9.105116241542576e-05,82.1053248343636,0.0007832647869275625,-0.00136349366128229,63.51406989544098,0.1889059829059829,-0.08430769230769233,30.85778639804793,0.42264387464387465,0.03190313390313387,-8.164783084214356
flow,0.2,1.0,0,before,11,0.011551924707260804,-0.005623589212848491,32.741897791275555,0.0008009083973132936,5.2133522285772354e-05,-6.9625095638867665,0.009058251172152159,-0.0033847025670741496,27.20176123779921,3.334374868364647e-05,-0.00021488536228378517,86.56734959340798,0.0010867277793139057,-0.00019045902576021604,14.912385956662206,0.00037769545951317783,-0.0005252172467584424,58.16921648242295,0.0,0.0,nan,0.0009959065475979153,-0.001308325010971897,56.779233237476646,0.22419528619528617,-0.06111111111111117,21.41946752265863,0.33882154882154886,0.03280134680134683,-10.718686735322605
flow,0.2,1.0,0,during_vibration,291,0.007659403088950677,-0.0014528858896869674,15.944247302659456,0.0006450196961632498,-2.4601053377252017e-05,3.6738785938359024,0.006184175522078356,-8.036253490010473e-05,1.2828166126404783,6.175762979876018e-05,-0.00010713527807120991,63.43385250592814,0.0006668414942144427,-3.4828401362339075e-05,4.9636448110275095,0.00021716521163607654,-0.0002730312856955604,55.69833468451818,6.253602494643112e-08,-2.2294018852590648e-06,97.27147822513115,0.0005294006951980951,-0.0009552989877724937,64.34291047069738,0.20077434135166095,-0.06942318951253657,25.693495159076406,0.3993913707521955,0.06963370243095329,-21.116628700539504
flow,0.2,1.2,0,after_removal,13,0.008363070962791657,-0.0045421603200472525,35.19627212018522,0.0007300455876467493,-3.73263680270914e-05,4.86418193303853,0.006947074378365293,-0.002368503769023471,25.425193493625326,0.00010736823274641052,-2.501564788913075e-05,18.89629444992623,0.0003601549397691658,-0.0003185976414546525,46.93870053211556,0.00036713074102501724,-0.00015373192112769712,29.514866835016807,1.4082130395665316e-05,-9.681343283255305e-05,87.30144833054783,0.0005672605404901044,-0.001579497907719748,73.57594931264232,0.18857549857549857,-0.08463817663817666,30.978748253352528,0.4395726495726496,0.0488319088319088,-12.497265767407937
flow,0.2,1.2,0,before,11,0.011551924707260804,-0.005623589212848491,32.741897791275555,0.0008009083973132936,5.2133522285772354e-05,-6.9625095638867665,0.009058251172152159,-0.0033847025670741496,27.20176123779921,3.334374868364647e-05,-0.00021488536228378517,86.56734959340798,0.0010867277793139057,-0.00019045902576021604,14.912385956662206,0.00037769545951317783,-0.0005252172467584424,58.16921648242295,0.0,0.0,nan,0.0009959065475979153,-0.001308325010971897,56.779233237476646,0.22419528619528617,-0.06111111111111117,21.41946752265863,0.33882154882154886,0.03280134680134683,-10.718686735322605
flow,0.2,1.2,0,during_vibration,291,0.00771514177157594,-0.0013971472070617042,15.332560351598817,0.0006501088225221003,-1.9511927018401546e-05,2.9138773002166913,0.006261462605416983,-3.0754515614782665e-06,0.04909303022035804,3.934022392617192e-05,-0.00012955268394379817,76.70700065365695,0.000677036663422949,-2.4633232153832866e-05,3.5106582609738486,0.00018919616583052724,-0.0003010003315011097,61.404015153023686,0.0,-2.291937910205496e-06,100.0,0.0005481061129793087,-0.0009365935699912802,63.08303158773111,0.20050375461372025,-0.06969377625047726,25.793639204462483,0.39861244749904545,0.06885477917780325,-20.88041789242837
flow,0.2,1.5,0,after_removal,13,0.008697666252597247,-0.004207565030241663,32.60356159472159,0.0007208351851465579,-4.653677052728284e-05,6.064434617814278,0.0072751170831927316,-0.0020404610641960325,21.903751242406692,9.904782471601152e-05,-3.333605591952974e-05,25.18135573567706,0.0006457217394688767,-3.3030841754941656e-05,4.86640385151622,0.00021209423353982725,-0.0003087684286128871,59.280200146571026,1.0176654568269845e-05,-0.00010071890865994852,90.82320854683184,0.00045550871711153013,-0.0016912497310983222,78.78155702653125,0.19705413105413105,-0.07615954415954418,27.875451000020863,0.40196581196581194,0.01122507122507116,-2.8727670433831403
flow,0.2,1.5,0,before,11,0.011551924707260804,-0.005623589212848491,32.741897791275555,0.0008009083973132936,5.2133522285772354e-05,-6.9625095638867665,0.009058251172152159,-0.0033847025670741496,27.20176123779921,3.334374868364647e-05,-0.00021488536228378517,86.56734959340798,0.0010867277793139057,-0.00019045902576021604,14.912385956662206,0.00037769545951317783,-0.0005252172467584424,58.16921648242295,0.0,0.0,nan,0.0009959065475979153,-0.001308325010971897,56.779233237476646,0.22419528619528617,-0.06111111111111117,21.41946752265863,0.33882154882154886,0.03280134680134683,-10.718686735322605
flow,0.2,1.5,0,during_vibration,291,0.0077374110288523585,-0.001374877949785286,15.088173268083082,0.0006536387271880265,-1.5982022352475336e-05,2.386727466770154,0.006309779483397163,4.5241426418702116e-05,-0.7221829607740168,5.064247509527855e-05,-0.00011825043277469155,70.0150374968569,0.0006549815587727324,-4.668833680404941e-05,6.653889114862337,0.00020612249384408565,-0.00028407400348755133,57.951047189014126,0.0,-2.291937910205496e-06,100.0,0.0005158850177430995,-0.0009688146652274893,65.25324120020582,0.20177141402570956,-0.06842611683848795,25.324478954205997,0.39735980654193714,0.06760213822069494,-20.50055077258689
flow,0.3,0.5,0,after_removal,13,0.008830521764327701,-0.004074709518511209,31.574091383621056,0.0007387712321206148,-2.860072355322595e-05,3.727100442198364,0.007361242676400648,-0.0019543354709881163,20.97921825212677,6.479726106746525e-05,-6.758661956807602e-05,51.05351138190684,0.0004959523123157817,-0.00018280026890803668,26.931797235811672,0.00027784452106995966,-0.0002430181410827547,46.656855778136574,0.0,-0.00011089556322821837,100.0,0.0006306849934738473,-0.001516073454736005,70.62152036714865,0.19369230769230766,-0.07952136752136757,29.10592504536071,0.4220968660968661,0.03135612535612531,-8.024790375501263
flow,0.3,0.5,0,before,11,0.011551924707260804,-0.005623589212848491,32.741897791275555,0.0008009083973132936,5.2133522285772354e-05,-6.9625095638867665,0.009058251172152159,-0.0033847025670741496,27.20176123779921,3.334374868364647e-05,-0.00021488536228378517,86.56734959340798,0.0010867277793139057,-0.00019045902576021604,14.912385956662206,0.00037769545951317783,-0.0005252172467584424,58.16921648242295,0.0,0.0,nan,0.0009959065475979153,-0.001308325010971897,56.779233237476646,0.22419528619528617,-0.06111111111111117,21.41946752265863,0.33882154882154886,0.03280134680134683,-10.718686735322605
flow,0.3,0.5,0,during_vibration,291,0.007296371230192318,-0.0018159177484453268,19.92822827175988,0.0006104352927799123,-5.918545676058954e-05,8.838653342388657,0.006032870008357397,-0.00023166804862106375,3.6980866987150667,5.3809909777121456e-05,-0.00011508299809284862,68.13962737941046,0.0006486407490098551,-5.302914656692668e-05,7.5575633073635045,0.00012973548294843788,-0.0003604610143831991,73.53398409522563,2.9860589740092997e-06,6.941210638038039e-07,-30.285334550863503,0.00042832902112549575,-0.001056370661845093,71.15046052488577,0.17871961308387424,-0.09147791778032327,33.855941424683294,0.4269130711467481,0.09715540282550589,-29.462666727391877
flow,0.3,0.8,0,after_removal,13,0.0081903271157708,-0.00471490416706811,36.53482889018723,0.0006621794639611286,-0.00010519249171271215,13.708149084017679,0.006680580646205136,-0.0026349975011836285,28.285925569979153,0.00011388876836498041,-1.8495112270560854e-05,13.970818940924328,0.00036053318589394944,-0.0003182193953298689,46.88297387482586,0.00029680064567641295,-0.0002240620164763014,43.01748479152985,6.517986690290591e-06,-0.00010437757653792777,94.12240985973726,0.0007320058829400302,-0.0014147525652698223,65.90180494920432,0.19243304843304843,-0.08078062678062681,29.566831425055796,0.4182450142450142,0.027504273504273424,-7.039008384979928
flow,0.3,0.8,0,before,11,0.011551924707260804,-0.005623589212848491,32.741897791275555,0.0008009083973132936,5.2133522285772354e-05,-6.9625095638867665,0.009058251172152159,-0.0033847025670741496,27.20176123779921,3.334374868364647e-05,-0.00021488536228378517,86.56734959340798,0.0010867277793139057,-0.00019045902576021604,14.912385956662206,0.00037769545951317783,-0.0005252172467584424,58.16921648242295,0.0,0.0,nan,0.0009959065475979153,-0.001308325010971897,56.779233237476646,0.22419528619528617,-0.06111111111111117,21.41946752265863,0.33882154882154886,0.03280134680134683,-10.718686735322605
flow,0.3,0.8,0,during_vibration,291,0.007394783630379989,-0.0017175053482576556,18.848231792078607,0.0006210250067776906,-4.8595742762811236e-05,7.257203842049094,0.0060914684328805735,-0.0001730696240978876,2.762687727710338,6.470159419627143e-05,-0.00010419131367369866,61.6907571713521,0.000661936104747786,-3.973379082899584e-05,5.662746981090609,0.00014365260766289334,-0.0003465438896687436,70.69489307964052,1.8016499959876008e-06,-4.90287914217895e-07,21.391849754513448,0.0004312232408964769,-0.001053476442074112,70.95552414790815,0.1815761741122566,-0.08862135675194091,32.7987293105511,0.4248858342878961,0.09512816596665391,-28.847901081706546
flow,0.3,1.0,0,after_removal,13,0.008487711650921924,-0.004417519631916986,34.230456898446334,0.0007159876048832992,-5.138435079054149e-05,6.696146557169937,0.007126668651480377,-0.0021889094959083874,23.497301630408813,0.00011367022554282145,-1.871365509271981e-05,14.135901593819671,0.0004878022143621187,-0.00019095036686169966,28.13254374921248,0.0002224894626266159,-0.00029837319952609844,57.28442854646718,1.7113461853210843e-06,-0.00010918421704289728,98.45679472153525,0.0005353697507246714,-0.001611388697485181,75.06148159467556,0.18515669515669517,-0.08805698005698007,32.23007779098626,0.42274643874643875,0.03200569800569797,-8.191031717098058
flow,0.3,1.0,0,before,11,0.011551924707260804,-0.005623589212848491,32.741897791275555,0.0008009083973132936,5.2133522285772354e-05,-6.9625095638867665,0.009058251172152159,-0.0033847025670741496,27.20176123779921,3.334374868364647e-05,-0.00021488536228378517,86.56734959340798,0.0010867277793139057,-0.00019045902576021604,14.912385956662206,0.00037769545951317783,-0.0005252172467584424,58.16921648242295,0.0,0.0,nan,0.0009959065475979153,-0.001308325010971897,56.779233237476646,0.22419528619528617,-0.06111111111111117,21.41946752265863,0.33882154882154886,0.03280134680134683,-10.718686735322605
flow,0.3,1.0,0,during_vibration,291,0.007555364548731408,-0.0015569244299062368,17.08598611782622,0.0006333905010368551,-3.623024850364675e-05,5.410562400957286,0.006128552227051973,-0.0001359858299264877,2.170723981395637,9.222387247816098e-05,-7.66690353918091e-05,45.39505912873278,0.0006887007270011687,-1.2969168575613149e-05,1.8483290586312418,0.00013787609472379564,-0.0003523204026078413,71.87330071220049,3.940602593994475e-06,1.6486646837889789e-06,-71.93321758184797,0.000504071024882314,-0.0009806286580882747,66.04895719558799,0.18323914980272368,-0.08695838106147383,32.18326266096766,0.42127198676339567,0.09151431844215346,-27.75199100237522
flow,0.3,1.2,0,after_removal,13,0.009479157545976353,-0.003426073736862557,26.547945261689915,0.0008124544521221459,4.508249644830521e-05,-5.874921036007577,0.007640918935213824,-0.0016746592121749402,17.976975617389474,5.6707861984700934e-05,-7.567601865084034e-05,57.164073365684,0.0005055564374358227,-0.00017319614378799564,25.516830223424858,0.0002205054336204142,-0.0003003572285323002,57.66534066598864,5.592974839044604e-06,-0.00010530258838917376,94.9565386781665,0.0010498759028825459,-0.0010968825453273065,51.0948284024213,0.1972991452991453,-0.07591452991452993,27.78577238315711,0.4015726495726496,0.01083190883190882,-2.772147283995622
flow,0.3,1.2,0,before,11,0.011551924707260804,-0.005623589212848491,32.741897791275555,0.0008009083973132936,5.2133522285772354e-05,-6.9625095638867665,0.009058251172152159,-0.0033847025670741496,27.20176123779921,3.334374868364647e-05,-0.00021488536228378517,86.56734959340798,0.0010867277793139057,-0.00019045902576021604,14.912385956662206,0.00037769545951317783,-0.0005252172467584424,58.16921648242295,0.0,0.0,nan,0.0009959065475979153,-0.001308325010971897,56.779233237476646,0.22419528619528617,-0.06111111111111117,21.41946752265863,0.33882154882154886,0.03280134680134683,-10.718686735322605
flow,0.3,1.2,0,during_vibration,291,0.007492496852273451,-0.0016197921263641935,17.775908228564152,0.0006394108292400911,-3.0209920300410757e-05,4.511497040846032,0.006109205477419144,-0.00015533257955931742,2.4795536102822897,9.947183241926886e-05,-6.942107545070123e-05,41.103606022431805,0.0006909342216279847,-1.0735673948797158e-05,1.5300177500093963,0.00013638407683050585,-0.0003538124205011311,72.17767210232905,9.924050322647233e-07,-1.2995328779407725e-06,56.700178139828225,0.00045550883894428224,-0.0010291908440263067,69.3197995413524,0.1831729667812142,-0.08702456408298331,32.207756971222004,0.4191996945399007,0.08944202621865849,-27.123562182495224
flow,0.3,1.5,0,after_removal,13,0.008721569276785442,-0.004183662006053468,32.41834194491972,0.0007256827654098165,-4.168919026402418e-05,5.432722678458621,0.0072683707257457835,-0.0020472074216429806,21.976171411506332,9.591844582678848e-05,-3.646543480875279e-05,27.545222751963106,0.00043338161499669625,-0.0002453709662271221,36.15028112080375,0.0003103129030919811,-0.00021054975906073325,40.423277451014734,0.0,-0.00011089556322821837,100.0,0.0006135855871241931,-0.0015331728610856593,71.41804250795649,0.20164102564102565,-0.07157264957264958,26.19658387036226,0.4168717948717949,0.0261310541310541,-6.6875683558147925
flow,0.3,1.5,0,before,11,0.011551924707260804,-0.005623589212848491,32.741897791275555,0.0008009083973132936,5.2133522285772354e-05,-6.9625095638867665,0.009058251172152159,-0.0033847025670741496,27.20176123779921,3.334374868364647e-05,-0.00021488536228378517,86.56734959340798,0.0010867277793139057,-0.00019045902576021604,14.912385956662206,0.00037769545951317783,-0.0005252172467584424,58.16921648242295,0.0,0.0,nan,0.0009959065475979153,-0.001308325010971897,56.779233237476646,0.22419528619528617,-0.06111111111111117,21.41946752265863,0.33882154882154886,0.03280134680134683,-10.718686735322605
flow,0.3,1.5,0,during_vibration,291,0.0075439835639051905,-0.001568305414732454,17.210883219453464,0.0006428541104786325,-2.6766639061869294e-05,3.99728339963132,0.006184714294200118,-7.982376277834279e-05,1.274216263869961,7.338948229564516e-05,-9.550342557432492e-05,56.54673531220896,0.0006730269388688422,-2.8642956707939597e-05,4.082112812378065,0.00014972564479394466,-0.0003404708525376923,69.45599456361488,9.308581158932064e-07,-1.3610797943122894e-06,59.38554392122492,0.0004621963456307483,-0.0010225033373398407,68.86937129898317,0.18553620974926818,-0.08466132111492933,31.333121677370357,0.41653557337406133,0.08677790505281913,-26.3156594642955
flow,0.4,0.5,0,after_removal,13,0.008570212643933454,-0.004335018638905456,33.59117356284864,0.0007072619604094338,-6.0109995264406944e-05,7.8332280480101035,0.006731426506832708,-0.002584151640556056,27.740110164610833,5.284813915471547e-05,-7.95357414808258e-05,60.0796268390041,0.0003887469544028625,-0.00029000562682095584,42.72626504021008,0.00032324394984420575,-0.0001976187123085086,37.940656274295925,8.89650113224689e-05,-2.193055190574947e-05,19.77586051897976,0.0009849820823764942,-0.0011617763658333582,54.117703219109025,0.18603418803418803,-0.0871794871794872,31.908903209660274,0.4327806267806268,0.04203988603988601,-10.759022967553765
flow,0.4,0.5,0,before,11,0.011551924707260804,-0.005623589212848491,32.741897791275555,0.0008009083973132936,5.2133522285772354e-05,-6.9625095638867665,0.009058251172152159,-0.0033847025670741496,27.20176123779921,3.334374868364647e-05,-0.00021488536228378517,86.56734959340798,0.0010867277793139057,-0.00019045902576021604,14.912385956662206,0.00037769545951317783,-0.0005252172467584424,58.16921648242295,0.0,0.0,nan,0.0009959065475979153,-0.001308325010971897,56.779233237476646,0.22419528619528617,-0.06111111111111117,21.41946752265863,0.33882154882154886,0.03280134680134683,-10.718686735322605
flow,0.4,0.5,0,during_vibration,291,0.005990122594153361,-0.003122166384484284,34.26325034032306,0.0005079381223269774,-0.0001616826272135244,24.145402800685627,0.004966851607576066,-0.0012976864494023948,20.714798722578127,0.00013325627779123766,-3.563663007873243e-05,21.100134119408327,0.0004945684617105868,-0.00020710143386619504,29.515507957763383,6.122158605016944e-05,-0.00042897491128146754,87.5108071184869,3.058338147040762e-06,7.664002368352664e-07,-33.43896156273058,0.00033116632287826,-0.0011535333600923288,77.6947266388808,0.14327427771414025,-0.12692325315005726,46.97424611694526,0.4947817233040601,0.1650240549828179,-50.04403864902858
flow,0.4,0.8,0,after_removal,13,0.008589208834768271,-0.004316022448070639,33.44397596198055,0.0007470121185681546,-2.035983710568616e-05,2.653190145293736,0.007287699722068344,-0.00202787842532042,21.768680303421117,5.982496588801575e-05,-7.255891474752552e-05,54.809478615665796,0.00037789358597493537,-0.00030085899524888297,44.32528193210286,0.000312963680214961,-0.00020789898193775337,39.91435690139725,4.216988511692156e-05,-6.87256781112968e-05,61.973334289183654,0.0005086569955050947,-0.0016381014527047577,76.30581140000842,0.21063817663817666,-0.06257549857549857,22.903501637156143,0.4008205128205128,0.01007977207977201,-2.5796573095151114
flow,0.4,0.8,0,before,11,0.011551924707260804,-0.005623589212848491,32.741897791275555,0.0008009083973132936,5.2133522285772354e-05,-6.9625095638867665,0.009058251172152159,-0.0033847025670741496,27.20176123779921,3.334374868364647e-05,-0.00021488536228378517,86.56734959340798,0.0010867277793139057,-0.00019045902576021604,14.912385956662206,0.00037769545951317783,-0.0005252172467584424,58.16921648242295,0.0,0.0,nan,0.0009959065475979153,-0.001308325010971897,56.779233237476646,0.22419528619528617,-0.06111111111111117,21.41946752265863,0.33882154882154886,0.03280134680134683,-10.718686735322605
flow,0.4,0.8,0,during_vibration,291,0.006107035538806717,-0.003005253439830927,32.98022535145977,0.0005159507893600613,-0.00015366996018044052,22.948805019242588,0.005026549274878195,-0.0012379887821002663,19.761852683155034,0.00015929254876564814,-9.600359104321952e-06,5.68428788715819,0.0005432616146000006,-0.0001584082809767812,22.575898150307204,5.968695017743675e-05,-0.0004305095471542002,87.82387256899223,3.2134927914428305e-06,9.215548812373347e-07,-40.20854479232851,0.00031503165759399435,-0.0011696680253765945,78.78145585889271,0.14961817487590684,-0.12057935598829067,44.62637227017977,0.47350846379025074,0.14375079546900854,-43.592859023059894
flow,0.4,1.0,0,after_removal,13,0.008678199603877196,-0.004227031678961714,32.75440467760332,0.0007116247826463666,-5.5747173027474164e-05,7.264687302590012,0.007044048445850367,-0.0022715297015383972,24.384205312851424,0.00010459492666207853,-2.7788953973462738e-05,20.991191555992355,0.0003367711165189417,-0.0003419814647048766,50.38381792792157,0.00033540597425222695,-0.0001854566879004874,35.605679073635045,1.1774887599781454e-05,-9.912067562843692e-05,89.38200297919113,0.0008456042529938011,-0.0013011541952160513,60.610181657888106,0.20065527065527064,-0.0725584045584046,26.557383887046665,0.40433048433048435,0.013589743589743575,-3.477943857090773
flow,0.4,1.0,0,before,11,0.011551924707260804,-0.005623589212848491,32.741897791275555,0.0008009083973132936,5.2133522285772354e-05,-6.9625095638867665,0.009058251172152159,-0.0033847025670741496,27.20176123779921,3.334374868364647e-05,-0.00021488536228378517,86.56734959340798,0.0010867277793139057,-0.00019045902576021604,14.912385956662206,0.00037769545951317783,-0.0005252172467584424,58.16921648242295,0.0,0.0,nan,0.0009959065475979153,-0.001308325010971897,56.779233237476646,0.22419528619528617,-0.06111111111111117,21.41946752265863,0.33882154882154886,0.03280134680134683,-10.718686735322605
flow,0.4,1.0,0,during_vibration,291,0.006287353171191147,-0.0028249358074464975,31.001385207044287,0.000523183845546683,-0.00014643690399381883,21.868632967885894,0.005131909798939317,-0.001132628258039144,18.07999644566671,0.0001603494240362546,-8.543483833715486e-06,5.058521368045292,0.0005691165657535709,-0.00013255332982321094,18.891123968522315,5.872686813030778e-05,-0.0004314696292013292,88.01972913923602,5.777026688230521e-06,3.4850887780250252e-06,-152.05860344238346,0.00036147348764346653,-0.0011232261953271223,75.65342730320856,0.1554374443171694,-0.1147600865470281,42.472662936622854,0.46502787323405875,0.13527020491281655,-41.021094551481205
flow,0.4,1.2,0,after_removal,13,0.008638667965729221,-0.0042665633171096885,33.060727263239905,0.0007334388938310305,-3.3933061842810266e-05,4.42198357548956,0.007324556667163287,-0.0019910214802254774,21.37303180461835,8.003880806467611e-05,-5.234507257086516e-05,39.540367240762095,0.00042239989586978857,-0.00025635268535402977,37.768207804354205,0.0002971635396021016,-0.00022369912255061278,42.947813081104535,4.024406610317239e-05,-7.065149712504597e-05,63.70994029729412,0.00047426498892619615,-0.0016724934592836562,77.90785501174209,0.19126495726495726,-0.08194871794871797,29.99436901708065,0.4225071225071225,0.031766381766381746,-8.129784907036086
flow,0.4,1.2,0,before,11,0.011551924707260804,-0.005623589212848491,32.741897791275555,0.0008009083973132936,5.2133522285772354e-05,-6.9625095638867665,0.009058251172152159,-0.0033847025670741496,27.20176123779921,3.334374868364647e-05,-0.00021488536228378517,86.56734959340798,0.0010867277793139057,-0.00019045902576021604,14.912385956662206,0.00037769545951317783,-0.0005252172467584424,58.16921648242295,0.0,0.0,nan,0.0009959065475979153,-0.001308325010971897,56.779233237476646,0.22419528619528617,-0.06111111111111117,21.41946752265863,0.33882154882154886,0.03280134680134683,-10.718686735322605
flow,0.4,1.2,0,during_vibration,291,0.006343763662020818,-0.0027685253166168265,30.3823257044109,0.000527450049345379,-0.00014217070019512286,21.231525500468933,0.005187322530728705,-0.0010772155262497559,17.195450270268182,0.0001480573724231372,-2.0835535446832895e-05,12.336536631173454,0.0005961252643905651,-0.00010554463118621674,15.041920973317186,6.798334040190559e-05,-0.00042221315692973137,86.13141040950518,9.594418541630548e-07,-1.332496056042441e-06,58.138401136833984,0.00034331571222234167,-0.0011413839707482471,76.8764204532303,0.15642229858724704,-0.11377523227695047,42.10816875826094,0.4667913962072038,0.13703372788596158,-41.55588817193677
flow,0.4,1.5,0,after_removal,13,0.008880331327417952,-0.004024899955420958,31.188127257921987,0.0007712500198844476,3.878064210606903e-06,-0.5053695514845232,0.007432177966102886,-0.0018834001812858782,20.21774871604519,8.450166297443465e-05,-4.7882217661106613e-05,36.16922047551129,0.0004754197136091988,-0.00020333286761461955,29.95684631475024,0.00023747590043702384,-0.0002833867617156905,54.407194507753545,3.6973810817436486e-06,-0.00010719818214647471,96.66588908148238,0.0006470587032126665,-0.0014996997449971859,69.85880252376607,0.19545868945868947,-0.07775498575498577,28.459404784249937,0.42559544159544155,0.03485470085470077,-8.920160408312045
flow,0.4,1.5,0,before,11,0.011551924707260804,-0.005623589212848491,32.741897791275555,0.0008009083973132936,5.2133522285772354e-05,-6.9625095638867665,0.009058251172152159,-0.0033847025670741496,27.20176123779921,3.334374868364647e-05,-0.00021488536228378517,86.56734959340798,0.0010867277793139057,-0.00019045902576021604,14.912385956662206,0.00037769545951317783,-0.0005252172467584424,58.16921648242295,0.0,0.0,nan,0.0009959065475979153,-0.001308325010971897,56.779233237476646,0.22419528619528617,-0.06111111111111117,21.41946752265863,0.33882154882154886,0.03280134680134683,-10.718686735322605
flow,0.4,1.5,0,during_vibration,291,0.006520388565294602,-0.0025919004133430424,28.444010274688974,0.0005485645097703972,-0.00012105623977010462,18.078328643963648,0.005364191796659618,-0.0009003462603188427,14.372109357942053,0.00015929596400808386,-9.596943861886226e-06,5.68226575225697,0.0005964002004367584,-0.00010526969514002341,15.00273786913579,6.225453832763532e-05,-0.00042794195900400163,87.30008503395777,2.1894278574393453e-06,-1.0251005276615052e-07,4.4726365539701485,0.0003360566380050668,-0.0011486430449655222,77.36534587704065,0.16172915871197657,-0.10846837215222094,40.14410191140408,0.45691790759832,0.1271602392770778,-38.56172319644172
flow,0.5,0.5,0,after_removal,13,0.006757989443030307,-0.006147241839808603,47.63372081508581,0.0005846181797489905,-0.0001827537759248502,23.815540113708145,0.005621910012660516,-0.0036936681347282483,39.65044440922451,3.76857269250959e-05,-9.469815371044537e-05,71.53299424055533,0.00031673740696469544,-0.0003620151742591229,53.33536612212876,0.00023225075175059383,-0.00028861191040212053,55.41036656559209,1.7249088228910564e-05,-9.364647499930781e-05,84.44564622174047,0.0005321564565004941,-0.0016146019917093583,75.21116281413724,0.18261538461538462,-0.09059829059829061,33.160232747293996,0.46374928774928775,0.07300854700854698,-18.684651841049934
flow,0.5,0.5,0,before,11,0.011551924707260804,-0.005623589212848491,32.741897791275555,0.0008009083973132936,5.2133522285772354e-05,-6.9625095638867665,0.009058251172152159,-0.0033847025670741496,27.20176123779921,3.334374868364647e-05,-0.00021488536228378517,86.56734959340798,0.0010867277793139057,-0.00019045902576021604,14.912385956662206,0.00037769545951317783,-0.0005252172467584424,58.16921648242295,0.0,0.0,nan,0.0009959065475979153,-0.001308325010971897,56.779233237476646,0.22419528619528617,-0.06111111111111117,21.41946752265863,0.33882154882154886,0.03280134680134683,-10.718686735322605
flow,0.5,0.5,0,during_vibration,291,0.0033547483921638837,-0.00575754058647376,63.1843502765488,0.00031790797850181324,-0.0003517127710386886,52.5241745092332,0.0028955379000580282,-0.003369000156920433,53.77890797817874,3.984939170450077e-05,-0.00012904351616546933,76.40552690632775,0.00024268706850114302,-0.0004589828270756388,65.41292849657586,1.822711585421304e-05,-0.0004719693814774239,96.28167154326243,1.1475131589744014e-06,-1.1444247512310944e-06,49.93262453294317,0.00015729940288702446,-0.0013274002800835645,89.4053050127754,0.09368817614865725,-0.17650935471554025,65.32604282170685,0.622408298332697,0.29265063001145475,-88.74717955803877
flow,0.5,0.8,0,after_removal,13,0.007838772601390539,-0.005066458681448371,39.25895298122735,0.0006723593825139716,-9.501257315986907e-05,12.381554011370811,0.0065471913399828595,-0.0027683868074059046,29.717820661317806,9.482744209375884e-05,-3.755643854178243e-05,28.369344033037514,0.0003370453542636623,-0.00034170722696015603,50.34341473059949,0.00033224750455724693,-0.00018861515759546743,36.21207110832729,7.797236032211657e-06,-0.0001030983271960067,92.96884762092304,0.0005196637244608011,-0.0016270947237490513,75.79309750036664,0.17674074074074073,-0.09647293447293451,35.31043400279464,0.4708091168091168,0.08006837606837602,-20.491432737878224
flow,0.5,0.8,0,before,11,0.011551924707260804,-0.005623589212848491,32.741897791275555,0.0008009083973132936,5.2133522285772354e-05,-6.9625095638867665,0.009058251172152159,-0.0033847025670741496,27.20176123779921,3.334374868364647e-05,-0.00021488536228378517,86.56734959340798,0.0010867277793139057,-0.00019045902576021604,14.912385956662206,0.00037769545951317783,-0.0005252172467584424,58.16921648242295,0.0,0.0,nan,0.0009959065475979153,-0.001308325010971897,56.779233237476646,0.22419528619528617,-0.06111111111111117,21.41946752265863,0.33882154882154886,0.03280134680134683,-10.718686735322605
flow,0.5,0.8,0,during_vibration,291,0.004048464197878204,-0.00506382478075944,55.57138050198799,0.00037146291248239794,-0.0002981578370581039,44.52637366191262,0.0034008948612578305,-0.0028636431957206306,45.71196103646684,0.00010085254788084523,-6.804035998912486e-05,40.286096584652825,0.00033439341691422883,-0.000367276478662553,52.34320026807576,1.7567909477093374e-05,-0.0004726285878545436,96.41614952927581,1.2108689020540881e-06,-1.0810690081514077e-06,47.168337472740646,0.0001935445934461525,-0.0012911550895244365,86.96405773732583,0.10395239913452972,-0.1662451317296678,61.52725792791324,0.593166603029146,0.26340893470790383,-79.87954792647824
flow,0.5,1.0,0,after_removal,13,0.007646015798410099,-0.005259215484428811,40.7525860572712,0.0006418196268554422,-0.00012555232881839853,16.361339229311444,0.006320600313835366,-0.0029949778335533984,32.15020888846192,7.491551636709445e-05,-5.746836426844681e-05,43.41039406954672,0.0004067808199605384,-0.00027197176126327993,40.06935204178581,0.00017188619977435724,-0.00034897646237835715,66.99970793376605,3.801139309807091e-05,-7.288417013014745e-05,65.72325168695426,0.0006338215553746714,-0.001512936892835181,70.47541348197768,0.17982905982905983,-0.0933846153846154,34.1800663204655,0.4440512820512821,0.053310541310541304,-13.64345606999635
flow,0.5,1.0,0,before,11,0.011551924707260804,-0.005623589212848491,32.741897791275555,0.0008009083973132936,5.2133522285772354e-05,-6.9625095638867665,0.009058251172152159,-0.0033847025670741496,27.20176123779921,3.334374868364647e-05,-0.00021488536228378517,86.56734959340798,0.0010867277793139057,-0.00019045902576021604,14.912385956662206,0.00037769545951317783,-0.0005252172467584424,58.16921648242295,0.0,0.0,nan,0.0009959065475979153,-0.001308325010971897,56.779233237476646,0.22419528619528617,-0.06111111111111117,21.41946752265863,0.33882154882154886,0.03280134680134683,-10.718686735322605
flow,0.5,1.0,0,during_vibration,291,0.00436553785321508,-0.004746751125422564,52.09175363677107,0.00038789970782864296,-0.00028172104171185887,42.07173118592542,0.003710813245599078,-0.0025537248113793832,40.76477448380459,4.918433680484652e-05,-0.00011970857106512357,70.87838830822115,0.0003549362330387643,-0.0003467336625380175,49.41549647829738,1.5530715282508898e-05,-0.0004746657820491281,96.83173678982824,1.4802439132210732e-06,-8.116939969844226e-07,35.41518264391577,0.00023359307857666128,-0.0012511066043939276,84.26664454394655,0.11152959144711722,-0.1586679394170803,58.722942030446426,0.5620768741249841,0.23231920580374188,-70.45149457371282
flow,0.5,1.2,0,after_removal,13,0.007818042964740408,-0.005087188318098502,39.41958269948507,0.0006117646292232387,-0.000155607326450602,20.277953253316497,0.006107999609335822,-0.0032075785380529425,34.43241511480481,8.36420838683863e-05,-4.8741796767154966e-05,36.81852845917344,0.00033112136372918954,-0.0003476312174946288,51.2161908641048,0.00032711143340561635,-0.00019375122874709801,37.198141242516456,3.1294448571554446e-06,-0.00010776611837106292,97.17802519230172,0.0009650390295442406,-0.0011817194186656116,55.04668770028731,0.18012535612535613,-0.0930883190883191,34.071617760537244,0.4536296296296296,0.06288888888888883,-16.094786729857802
flow,0.5,1.2,0,before,11,0.011551924707260804,-0.005623589212848491,32.741897791275555,0.0008009083973132936,5.2133522285772354e-05,-6.9625095638867665,0.009058251172152159,-0.0033847025670741496,27.20176123779921,3.334374868364647e-05,-0.00021488536228378517,86.56734959340798,0.0010867277793139057,-0.00019045902576021604,14.912385956662206,0.00037769545951317783,-0.0005252172467584424,58.16921648242295,0.0,0.0,nan,0.0009959065475979153,-0.001308325010971897,56.779233237476646,0.22419528619528617,-0.06111111111111117,21.41946752265863,0.33882154882154886,0.03280134680134683,-10.718686735322605
flow,0.5,1.2,0,during_vibration,291,0.004501953038030718,-0.004610335940606927,50.59470733879432,0.00039448308830987937,-0.00027513766123062245,41.08858057630737,0.0038077972188030264,-0.0024567408381754347,39.216632029854416,8.878304169024561e-05,-8.010986617972448e-05,47.43234466742719,0.0003603946550345433,-0.0003412752405422385,48.637577683407066,1.633914975525344e-05,-0.00047385734757638353,96.66681629832223,2.3228322799659224e-06,3.089436976042658e-08,-1.3479584077239064,0.00022631614046768344,-0.0012583835425029055,84.75677316675451,0.11827287768868526,-0.15192465317551224,56.22725444218446,0.5491999490899835,0.21944228076874128,-66.54652851164806
flow,0.5,1.5,0,after_removal,13,0.008097201925225665,-0.004808029357613245,37.256436961396076,0.0006936887356723097,-7.368322000153105e-05,9.602021478205927,0.006442028039397993,-0.0028735501079907707,30.846717858260376,8.002798320277447e-05,-5.2355897432766795e-05,39.54854411384488,0.0003346392756234095,-0.00034411330560040886,50.69790010668669,0.00023429472853546938,-0.000286567933617245,55.01794512067073,9.270305582508161e-06,-0.0001016252576457102,91.64050813878796,0.00099694159288351,-0.0011498168553263424,53.560606983294115,0.19972649572649573,-0.0734871794871795,26.897328411437154,0.4177549857549857,0.02701424501424493,-6.913598250091119
flow,0.5,1.5,0,before,11,0.011551924707260804,-0.005623589212848491,32.741897791275555,0.0008009083973132936,5.2133522285772354e-05,-6.9625095638867665,0.009058251172152159,-0.0033847025670741496,27.20176123779921,3.334374868364647e-05,-0.00021488536228378517,86.56734959340798,0.0010867277793139057,-0.00019045902576021604,14.912385956662206,0.00037769545951317783,-0.0005252172467584424,58.16921648242295,0.0,0.0,nan,0.0009959065475979153,-0.001308325010971897,56.779233237476646,0.22419528619528617,-0.06111111111111117,21.41946752265863,0.33882154882154886,0.03280134680134683,-10.718686735322605
flow,0.5,1.5,0,during_vibration,291,0.004715163801282568,-0.004397125177355077,48.254891692564385,0.0004035352364715795,-0.0002660855130689223,39.73674848808253,0.003999292766075486,-0.0022652452909029753,36.159813705331025,6.977949085386313e-05,-9.911341701610696e-05,58.68417938094473,0.0004054678092685494,-0.00029620208630823245,42.2138797995246,1.559486864791834e-05,-0.00047460162868371864,96.81864951446852,4.307622634977846e-06,2.01568472477235e-06,-87.94674217817808,0.00022072124380177367,-0.0012639784391688153,85.13361009411989,0.12922285859742905,-0.14097467226676846,52.17467081060151,0.5245689194348988,0.1948112511136566,-59.077095039341444
