region,amplitude_A,frequency_THz,is_baseline,coordinate_treatment,analysis_stage,filename,frame,timestep,time_ps,strain_xy,cell_volume_A3,total_line_length_A,dislocation_density_A-2,dislocation_density_m-2,segment_count,segment_number_density_A-3,segment_number_density_m-3,shockley_length_A,perfect_length_A,stair_rod_length_A,hirth_length_A,frank_length_A,other_length_A,shockley_density_A-2,perfect_density_A-2,stair_rod_density_A-2,hirth_density_A-2,frank_density_A-2,other_density_A-2,fcc_count,hcp_count,other_atom_count,hcp_fraction,other_atom_fraction,coherent_correction_applied,has_PE,has_KE
elastic,0.5,1.5,0,registered,before,elastic_dump_0.5_1.5.shear.wave,950,95000,95.0,0.095,158683.45183699526,0.0,0.0,0.0,0,0.0,0.0,0.0,0.0,0.0,0.0,0.0,0.0,0.0,0.0,0.0,0.0,0.0,0.0,13500,0,0,0.0,0.0,0,0,0
elastic,0.5,1.5,0,registered,before,elastic_dump_0.5_1.5.shear.wave,955,95500,95.5,0.0955,158683.45183699526,0.0,0.0,0.0,0,0.0,0.0,0.0,0.0,0.0,0.0,0.0,0.0,0.0,0.0,0.0,0.0,0.0,0.0,13500,0,0,0.0,0.0,0,0,0
elastic,0.5,1.5,0,registered,before,elastic_dump_0.5_1.5.shear.wave,960,96000,96.0,0.096,158683.45183699526,0.0,0.0,0.0,0,0.0,0.0,0.0,0.0,0.0,0.0,0.0,0.0,0.0,0.0,0.0,0.0,0.0,0.0,13500,0,0,0.0,0.0,0,0,0
elastic,0.5,1.5,0,registered,before,elastic_dump_0.5_1.5.shear.wave,965,96500,96.5,0.0965,158683.45183699526,0.0,0.0,0.0,0,0.0,0.0,0.0,0.0,0.0,0.0,0.0,0.0,0.0,0.0,0.0,0.0,0.0,0.0,13500,0,0,0.0,0.0,0,0,0
elastic,0.5,1.5,0,registered,before,elastic_dump_0.5_1.5.shear.wave,970,97000,97.0,0.09699999999999999,158683.45183699526,0.0,0.0,0.0,0,0.0,0.0,0.0,0.0,0.0,0.0,0.0,0.0,0.0,0.0,0.0,0.0,0.0,0.0,13500,0,0,0.0,0.0,0,0,0
elastic,0.5,1.5,0,registered,before,elastic_dump_0.5_1.5.shear.wave,975,97500,97.5,0.09749999999999999,158683.45183699526,0.0,0.0,0.0,0,0.0,0.0,0.0,0.0,0.0,0.0,0.0,0.0,0.0,0.0,0.0,0.0,0.0,0.0,13500,0,0,0.0,0.0,0,0,0
elastic,0.5,1.5,0,registered,before,elastic_dump_0.5_1.5.shear.wave,980,98000,98.0,0.09799999999999999,158683.45183699526,0.0,0.0,0.0,0,0.0,0.0,0.0,0.0,0.0,0.0,0.0,0.0,0.0,0.0,0.0,0.0,0.0,0.0,13500,0,0,0.0,0.0,0,0,0
elastic,0.5,1.5,0,registered,before,elastic_dump_0.5_1.5.shear.wave,985,98500,98.5,0.09849999999999999,158683.45183699526,0.0,0.0,0.0,0,0.0,0.0,0.0,0.0,0.0,0.0,0.0,0.0,0.0,0.0,0.0,0.0,0.0,0.0,13500,0,0,0.0,0.0,0,0,0
elastic,0.5,1.5,0,registered,before,elastic_dump_0.5_1.5.shear.wave,990,99000,99.0,0.09899999999999999,158683.45183699526,0.0,0.0,0.0,0,0.0,0.0,0.0,0.0,0.0,0.0,0.0,0.0,0.0,0.0,0.0,0.0,0.0,0.0,13500,0,0,0.0,0.0,0,0,0
elastic,0.5,1.5,0,registered,before,elastic_dump_0.5_1.5.shear.wave,995,99500,99.5,0.09949999999999999,158683.45183699526,0.0,0.0,0.0,0,0.0,0.0,0.0,0.0,0.0,0.0,0.0,0.0,0.0,0.0,0.0,0.0,0.0,0.0,13500,0,0,0.0,0.0,0,0,0
elastic,0.5,1.5,0,registered,before,elastic_dump_0.5_1.5.shear.wave,1000,100000,100.0,0.09999999999999999,158683.45183699526,0.0,0.0,0.0,0,0.0,0.0,0.0,0.0,0.0,0.0,0.0,0.0,0.0,0.0,0.0,0.0,0.0,0.0,13500,0,0,0.0,0.0,0,0,0
elastic,0.5,1.5,0,registered,during_vibration,elastic_dump_0.5_1.5.shear.wave,1010,101000,101.0,0.10099999999999999,158683.45183699526,0.0,0.0,0.0,0,0.0,0.0,0.0,0.0,0.0,0.0,0.0,0.0,0.0,0.0,0.0,0.0,0.0,0.0,11305,0,2195,0.0,0.1625925925925926,1,0,0
elastic,0.5,1.5,0,registered,during_vibration,elastic_dump_0.5_1.5.shear.wave,1011,101100,101.10000000000001,0.1011,158683.45183699526,0.0,0.0,0.0,0,0.0,0.0,0.0,0.0,0.0,0.0,0.0,0.0,0.0,0.0,0.0,0.0,0.0,0.0,11074,1,2425,7.407407407407407e-05,0.17962962962962964,1,0,0
elastic,0.5,1.5,0,registered,during_vibration,elastic_dump_0.5_1.5.shear.wave,1012,101200,101.2,0.1012,158683.45183699526,0.0,0.0,0.0,0,0.0,0.0,0.0,0.0,0.0,0.0,0.0,0.0,0.0,0.0,0.0,0.0,0.0,0.0,11251,0,2249,0.0,0.1665925925925926,1,0,0
elastic,0.5,1.5,0,registered,during_vibration,elastic_dump_0.5_1.5.shear.wave,1013,101300,101.3,0.1013,158683.45183699526,0.0,0.0,0.0,0,0.0,0.0,0.0,0.0,0.0,0.0,0.0,0.0,0.0,0.0,0.0,0.0,0.0,0.0,11161,0,2339,0.0,0.17325925925925925,1,0,0
elastic,0.5,1.5,0,registered,during_vibration,elastic_dump_0.5_1.5.shear.wave,1014,101400,101.4,0.10139999999999999,158683.45183699526,0.0,0.0,0.0,0,0.0,0.0,0.0,0.0,0.0,0.0,0.0,0.0,0.0,0.0,0.0,0.0,0.0,0.0,11221,0,2279,0.0,0.1688148148148148,1,0,0
elastic,0.5,1.5,0,registered,during_vibration,elastic_dump_0.5_1.5.shear.wave,1015,101500,101.5,0.10149999999999999,158683.45183699526,0.0,0.0,0.0,0,0.0,0.0,0.0,0.0,0.0,0.0,0.0,0.0,0.0,0.0,0.0,0.0,0.0,0.0,11522,0,1978,0.0,0.14651851851851852,1,0,0
elastic,0.5,1.5,0,registered,during_vibration,elastic_dump_0.5_1.5.shear.wave,1016,101600,101.60000000000001,0.1016,158683.45183699526,0.0,0.0,0.0,0,0.0,0.0,0.0,0.0,0.0,0.0,0.0,0.0,0.0,0.0,0.0,0.0,0.0,0.0,11487,0,2013,0.0,0.1491111111111111,1,0,0
elastic,0.5,1.5,0,registered,during_vibration,elastic_dump_0.5_1.5.shear.wave,1017,101700,101.7,0.1017,158683.45183699526,0.0,0.0,0.0,0,0.0,0.0,0.0,0.0,0.0,0.0,0.0,0.0,0.0,0.0,0.0,0.0,0.0,0.0,11088,0,2412,0.0,0.17866666666666667,1,0,0
elastic,0.5,1.5,0,registered,during_vibration,elastic_dump_0.5_1.5.shear.wave,1018,101800,101.8,0.1018,158683.45183699526,0.0,0.0,0.0,0,0.0,0.0,0.0,0.0,0.0,0.0,0.0,0.0,0.0,0.0,0.0,0.0,0.0,0.0,11033,0,2467,0.0,0.18274074074074073,1,0,0
elastic,0.5,1.5,0,registered,during_vibration,elastic_dump_0.5_1.5.shear.wave,1019,101900,101.9,0.10189999999999999,158683.45183699526,0.0,0.0,0.0,0,0.0,0.0,0.0,0.0,0.0,0.0,0.0,0.0,0.0,0.0,0.0,0.0,0.0,0.0,11157,0,2343,0.0,0.17355555555555555,1,0,0
elastic,0.5,1.5,0,registered,during_vibration,elastic_dump_0.5_1.5.shear.wave,1020,102000,102.0,0.102,158683.45183699526,0.0,0.0,0.0,0,0.0,0.0,0.0,0.0,0.0,0.0,0.0,0.0,0.0,0.0,0.0,0.0,0.0,0.0,10988,0,2512,0.0,0.1860740740740741,1,0,0
elastic,0.5,1.5,0,registered,during_vibration,elastic_dump_0.5_1.5.shear.wave,1021,102100,102.10000000000001,0.1021,158683.45183699526,0.0,0.0,0.0,0,0.0,0.0,0.0,0.0,0.0,0.0,0.0,0.0,0.0,0.0,0.0,0.0,0.0,0.0,11167,0,2333,0.0,0.1728148148148148,1,0,0
elastic,0.5,1.5,0,registered,during_vibration,elastic_dump_0.5_1.5.shear.wave,1022,102200,102.2,0.1022,158683.45183699526,0.0,0.0,0.0,0,0.0,0.0,0.0,0.0,0.0,0.0,0.0,0.0,0.0,0.0,0.0,0.0,0.0,0.0,11429,0,2071,0.0,0.1534074074074074,1,0,0
elastic,0.5,1.5,0,registered,during_vibration,elastic_dump_0.5_1.5.shear.wave,1023,102300,102.3,0.1023,158683.45183699526,0.0,0.0,0.0,0,0.0,0.0,0.0,0.0,0.0,0.0,0.0,0.0,0.0,0.0,0.0,0.0,0.0,0.0,11320,0,2180,0.0,0.16148148148148148,1,0,0
elastic,0.5,1.5,0,registered,during_vibration,elastic_dump_0.5_1.5.shear.wave,1024,102400,102.4,0.10239999999999999,158683.45183699526,0.0,0.0,0.0,0,0.0,0.0,0.0,0.0,0.0,0.0,0.0,0.0,0.0,0.0,0.0,0.0,0.0,0.0,10889,0,2611,0.0,0.19340740740740742,1,0,0
elastic,0.5,1.5,0,registered,during_vibration,elastic_dump_0.5_1.5.shear.wave,1025,102500,102.5,0.1025,158683.45183699526,0.0,0.0,0.0,0,0.0,0.0,0.0,0.0,0.0,0.0,0.0,0.0,0.0,0.0,0.0,0.0,0.0,0.0,10988,0,2512,0.0,0.1860740740740741,1,0,0
elastic,0.5,1.5,0,registered,during_vibration,elastic_dump_0.5_1.5.shear.wave,1026,102600,102.60000000000001,0.1026,158683.45183699526,0.0,0.0,0.0,0,0.0,0.0,0.0,0.0,0.0,0.0,0.0,0.0,0.0,0.0,0.0,0.0,0.0,0.0,11053,0,2447,0.0,0.18125925925925926,1,0,0
elastic,0.5,1.5,0,registered,during_vibration,elastic_dump_0.5_1.5.shear.wave,1027,102700,102.7,0.1027,158683.45183699526,9.61174875604642,6.057184063477468e-05,6057184063477468.0,1,6.301854342236216e-06,6.301854342236216e+24,9.61174875604642,0.0,0.0,0.0,0.0,0.0,6.057184063477468e-05,0.0,0.0,0.0,0.0,0.0,10931,2,2567,0.00014814814814814815,0.19014814814814815,1,0,0
elastic,0.5,1.5,0,registered,during_vibration,elastic_dump_0.5_1.5.shear.wave,1028,102800,102.8,0.10279999999999999,158683.45183699526,0.0,0.0,0.0,0,0.0,0.0,0.0,0.0,0.0,0.0,0.0,0.0,0.0,0.0,0.0,0.0,0.0,0.0,11268,2,2230,0.00014814814814814815,0.16518518518518518,1,0,0
elastic,0.5,1.5,0,registered,during_vibration,elastic_dump_0.5_1.5.shear.wave,1029,102900,102.9,0.10289999999999999,158683.45183699526,16.18769412366945,0.00010201249050403799,1.02012490504038e+16,2,1.2603708684472432e-05,1.2603708684472433e+25,16.18769412366945,0.0,0.0,0.0,0.0,0.0,0.00010201249050403799,0.0,0.0,0.0,0.0,0.0,11427,2,2071,0.00014814814814814815,0.1534074074074074,1,0,0
elastic,0.5,1.5,0,registered,during_vibration,elastic_dump_0.5_1.5.shear.wave,1030,103000,103.0,0.103,158683.45183699526,0.0,0.0,0.0,0,0.0,0.0,0.0,0.0,0.0,0.0,0.0,0.0,0.0,0.0,0.0,0.0,0.0,0.0,11175,0,2325,0.0,0.17222222222222222,1,0,0
elastic,0.5,1.5,0,registered,during_vibration,elastic_dump_0.5_1.5.shear.wave,1031,103100,103.10000000000001,0.1031,158683.45183699526,0.0,0.0,0.0,0,0.0,0.0,0.0,0.0,0.0,0.0,0.0,0.0,0.0,0.0,0.0,0.0,0.0,0.0,10865,0,2635,0.0,0.19518518518518518,1,0,0
elastic,0.5,1.5,0,registered,during_vibration,elastic_dump_0.5_1.5.shear.wave,1032,103200,103.2,0.1032,158683.45183699526,0.0,0.0,0.0,0,0.0,0.0,0.0,0.0,0.0,0.0,0.0,0.0,0.0,0.0,0.0,0.0,0.0,0.0,10968,0,2532,0.0,0.18755555555555556,1,0,0
elastic,0.5,1.5,0,registered,during_vibration,elastic_dump_0.5_1.5.shear.wave,1033,103300,103.3,0.10329999999999999,158683.45183699526,0.0,0.0,0.0,0,0.0,0.0,0.0,0.0,0.0,0.0,0.0,0.0,0.0,0.0,0.0,0.0,0.0,0.0,10943,0,2557,0.0,0.1894074074074074,1,0,0
elastic,0.5,1.5,0,registered,during_vibration,elastic_dump_0.5_1.5.shear.wave,1034,103400,103.4,0.10339999999999999,158683.45183699526,0.0,0.0,0.0,0,0.0,0.0,0.0,0.0,0.0,0.0,0.0,0.0,0.0,0.0,0.0,0.0,0.0,0.0,10959,1,2540,7.407407407407407e-05,0.18814814814814815,1,0,0
elastic,0.5,1.5,0,registered,during_vibration,elastic_dump_0.5_1.5.shear.wave,1035,103500,103.5,0.1035,158683.45183699526,0.0,0.0,0.0,0,0.0,0.0,0.0,0.0,0.0,0.0,0.0,0.0,0.0,0.0,0.0,0.0,0.0,0.0,11398,1,2101,7.407407407407407e-05,0.15562962962962962,1,0,0
elastic,0.5,1.5,0,registered,during_vibration,elastic_dump_0.5_1.5.shear.wave,1036,103600,103.60000000000001,0.1036,158683.45183699526,18.585259434936024,0.00011712159787163819,1.1712159787163818e+16,3,1.890556302670865e-05,1.890556302670865e+25,18.585259434936024,0.0,0.0,0.0,0.0,0.0,0.00011712159787163819,0.0,0.0,0.0,0.0,0.0,11370,2,2128,0.00014814814814814815,0.15762962962962962,1,0,0
elastic,0.5,1.5,0,registered,during_vibration,elastic_dump_0.5_1.5.shear.wave,1037,103700,103.7,0.1037,158683.45183699526,0.0,0.0,0.0,0,0.0,0.0,0.0,0.0,0.0,0.0,0.0,0.0,0.0,0.0,0.0,0.0,0.0,0.0,11008,0,2492,0.0,0.18459259259259259,1,0,0
elastic,0.5,1.5,0,registered,during_vibration,elastic_dump_0.5_1.5.shear.wave,1038,103800,103.8,0.10379999999999999,158683.45183699526,0.0,0.0,0.0,0,0.0,0.0,0.0,0.0,0.0,0.0,0.0,0.0,0.0,0.0,0.0,0.0,0.0,0.0,10916,0,2584,0.0,0.19140740740740741,1,0,0
elastic,0.5,1.5,0,registered,during_vibration,elastic_dump_0.5_1.5.shear.wave,1039,103900,103.9,0.10389999999999999,158683.45183699526,0.0,0.0,0.0,0,0.0,0.0,0.0,0.0,0.0,0.0,0.0,0.0,0.0,0.0,0.0,0.0,0.0,0.0,10999,0,2501,0.0,0.18525925925925926,1,0,0
elastic,0.5,1.5,0,registered,during_vibration,elastic_dump_0.5_1.5.shear.wave,1040,104000,104.0,0.104,158683.45183699526,0.0,0.0,0.0,0,0.0,0.0,0.0,0.0,0.0,0.0,0.0,0.0,0.0,0.0,0.0,0.0,0.0,0.0,10860,0,2640,0.0,0.19555555555555557,1,0,0
elastic,0.5,1.5,0,registered,during_vibration,elastic_dump_0.5_1.5.shear.wave,1041,104100,104.10000000000001,0.1041,158683.45183699526,0.0,0.0,0.0,0,0.0,0.0,0.0,0.0,0.0,0.0,0.0,0.0,0.0,0.0,0.0,0.0,0.0,0.0,11039,2,2459,0.00014814814814814815,0.18214814814814814,1,0,0
elastic,0.5,1.5,0,registered,during_vibration,elastic_dump_0.5_1.5.shear.wave,1042,104200,104.2,0.1042,158683.45183699526,0.0,0.0,0.0,0,0.0,0.0,0.0,0.0,0.0,0.0,0.0,0.0,0.0,0.0,0.0,0.0,0.0,0.0,11358,1,2141,7.407407407407407e-05,0.1585925925925926,1,0,0
elastic,0.5,1.5,0,registered,during_vibration,elastic_dump_0.5_1.5.shear.wave,1043,104300,104.3,0.10429999999999999,158683.45183699526,0.0,0.0,0.0,0,0.0,0.0,0.0,0.0,0.0,0.0,0.0,0.0,0.0,0.0,0.0,0.0,0.0,0.0,11196,0,2304,0.0,0.17066666666666666,1,0,0
elastic,0.5,1.5,0,registered,during_vibration,elastic_dump_0.5_1.5.shear.wave,1044,104400,104.4,0.10439999999999999,158683.45183699526,0.0,0.0,0.0,0,0.0,0.0,0.0,0.0,0.0,0.0,0.0,0.0,0.0,0.0,0.0,0.0,0.0,0.0,10831,0,2669,0.0,0.19770370370370371,1,0,0
elastic,0.5,1.5,0,registered,during_vibration,elastic_dump_0.5_1.5.shear.wave,1045,104500,104.5,0.1045,158683.45183699526,0.0,0.0,0.0,0,0.0,0.0,0.0,0.0,0.0,0.0,0.0,0.0,0.0,0.0,0.0,0.0,0.0,0.0,10904,0,2596,0.0,0.1922962962962963,1,0,0
elastic,0.5,1.5,0,registered,during_vibration,elastic_dump_0.5_1.5.shear.wave,1046,104600,104.60000000000001,0.1046,158683.45183699526,0.0,0.0,0.0,0,0.0,0.0,0.0,0.0,0.0,0.0,0.0,0.0,0.0,0.0,0.0,0.0,0.0,0.0,10986,0,2514,0.0,0.18622222222222223,1,0,0
elastic,0.5,1.5,0,registered,during_vibration,elastic_dump_0.5_1.5.shear.wave,1047,104700,104.7,0.1047,158683.45183699526,0.0,0.0,0.0,0,0.0,0.0,0.0,0.0,0.0,0.0,0.0,0.0,0.0,0.0,0.0,0.0,0.0,0.0,10825,0,2675,0.0,0.19814814814814816,1,0,0
elastic,0.5,1.5,0,registered,during_vibration,elastic_dump_0.5_1.5.shear.wave,1048,104800,104.8,0.10479999999999999,158683.45183699526,0.0,0.0,0.0,0,0.0,0.0,0.0,0.0,0.0,0.0,0.0,0.0,0.0,0.0,0.0,0.0,0.0,0.0,11152,2,2346,0.00014814814814814815,0.17377777777777778,1,0,0
elastic,0.5,1.5,0,registered,during_vibration,elastic_dump_0.5_1.5.shear.wave,1049,104900,104.9,0.1049,158683.45183699526,0.0,0.0,0.0,0,0.0,0.0,0.0,0.0,0.0,0.0,0.0,0.0,0.0,0.0,0.0,0.0,0.0,0.0,11379,1,2120,7.407407407407407e-05,0.15703703703703703,1,0,0
elastic,0.5,1.5,0,registered,during_vibration,elastic_dump_0.5_1.5.shear.wave,1050,105000,105.0,0.105,158683.45183699526,0.0,0.0,0.0,0,0.0,0.0,0.0,0.0,0.0,0.0,0.0,0.0,0.0,0.0,0.0,0.0,0.0,0.0,11047,0,2453,0.0,0.1817037037037037,1,0,0
elastic,0.5,1.5,0,registered,during_vibration,elastic_dump_0.5_1.5.shear.wave,1051,105100,105.10000000000001,0.1051,158683.45183699526,0.0,0.0,0.0,0,0.0,0.0,0.0,0.0,0.0,0.0,0.0,0.0,0.0,0.0,0.0,0.0,0.0,0.0,10757,1,2742,7.407407407407407e-05,0.2031111111111111,1,0,0
elastic,0.5,1.5,0,registered,during_vibration,elastic_dump_0.5_1.5.shear.wave,1052,105200,105.2,0.1052,158683.45183699526,0.0,0.0,0.0,0,0.0,0.0,0.0,0.0,0.0,0.0,0.0,0.0,0.0,0.0,0.0,0.0,0.0,0.0,10888,0,2612,0.0,0.19348148148148148,1,0,0
elastic,0.5,1.5,0,registered,during_vibration,elastic_dump_0.5_1.5.shear.wave,1053,105300,105.3,0.10529999999999999,158683.45183699526,0.0,0.0,0.0,0,0.0,0.0,0.0,0.0,0.0,0.0,0.0,0.0,0.0,0.0,0.0,0.0,0.0,0.0,10870,0,2630,0.0,0.1948148148148148,1,0,0
elastic,0.5,1.5,0,registered,during_vibration,elastic_dump_0.5_1.5.shear.wave,1054,105400,105.4,0.1054,158683.45183699526,0.0,0.0,0.0,0,0.0,0.0,0.0,0.0,0.0,0.0,0.0,0.0,0.0,0.0,0.0,0.0,0.0,0.0,10835,1,2664,7.407407407407407e-05,0.19733333333333333,1,0,0
elastic,0.5,1.5,0,registered,during_vibration,elastic_dump_0.5_1.5.shear.wave,1055,105500,105.5,0.1055,158683.45183699526,0.0,0.0,0.0,0,0.0,0.0,0.0,0.0,0.0,0.0,0.0,0.0,0.0,0.0,0.0,0.0,0.0,0.0,11254,1,2245,7.407407407407407e-05,0.1662962962962963,1,0,0
elastic,0.5,1.5,0,registered,during_vibration,elastic_dump_0.5_1.5.shear.wave,1056,105600,105.60000000000001,0.1056,158683.45183699526,0.0,0.0,0.0,0,0.0,0.0,0.0,0.0,0.0,0.0,0.0,0.0,0.0,0.0,0.0,0.0,0.0,0.0,11272,0,2228,0.0,0.16503703703703704,1,0,0
elastic,0.5,1.5,0,registered,during_vibration,elastic_dump_0.5_1.5.shear.wave,1057,105700,105.7,0.10569999999999999,158683.45183699526,0.0,0.0,0.0,0,0.0,0.0,0.0,0.0,0.0,0.0,0.0,0.0,0.0,0.0,0.0,0.0,0.0,0.0,10832,1,2667,7.407407407407407e-05,0.19755555555555557,1,0,0
elastic,0.5,1.5,0,registered,during_vibration,elastic_dump_0.5_1.5.shear.wave,1058,105800,105.8,0.10579999999999999,158683.45183699526,0.0,0.0,0.0,0,0.0,0.0,0.0,0.0,0.0,0.0,0.0,0.0,0.0,0.0,0.0,0.0,0.0,0.0,10787,0,2713,0.0,0.20096296296296295,1,0,0
elastic,0.5,1.5,0,registered,during_vibration,elastic_dump_0.5_1.5.shear.wave,1059,105900,105.9,0.1059,158683.45183699526,0.0,0.0,0.0,0,0.0,0.0,0.0,0.0,0.0,0.0,0.0,0.0,0.0,0.0,0.0,0.0,0.0,0.0,10883,1,2616,7.407407407407407e-05,0.19377777777777777,1,0,0
elastic,0.5,1.5,0,registered,during_vibration,elastic_dump_0.5_1.5.shear.wave,1060,106000,106.0,0.106,158683.45183699526,12.267881779527091,7.731040406235335e-05,7731040406235335.0,1,6.301854342236216e-06,6.301854342236216e+24,0.0,12.267881779527091,0.0,0.0,0.0,0.0,0.0,7.731040406235335e-05,0.0,0.0,0.0,0.0,10766,0,2734,0.0,0.20251851851851851,1,0,0
elastic,0.5,1.5,0,registered,during_vibration,elastic_dump_0.5_1.5.shear.wave,1061,106100,106.10000000000001,0.1061,158683.45183699526,0.0,0.0,0.0,0,0.0,0.0,0.0,0.0,0.0,0.0,0.0,0.0,0.0,0.0,0.0,0.0,0.0,0.0,10964,1,2535,7.407407407407407e-05,0.18777777777777777,1,0,0
elastic,0.5,1.5,0,registered,during_vibration,elastic_dump_0.5_1.5.shear.wave,1062,106200,106.2,0.10619999999999999,158683.45183699526,0.0,0.0,0.0,0,0.0,0.0,0.0,0.0,0.0,0.0,0.0,0.0,0.0,0.0,0.0,0.0,0.0,0.0,11273,1,2226,7.407407407407407e-05,0.1648888888888889,1,0,0
elastic,0.5,1.5,0,registered,during_vibration,elastic_dump_0.5_1.5.shear.wave,1063,106300,106.3,0.10629999999999999,158683.45183699526,0.0,0.0,0.0,0,0.0,0.0,0.0,0.0,0.0,0.0,0.0,0.0,0.0,0.0,0.0,0.0,0.0,0.0,11131,0,2369,0.0,0.1754814814814815,1,0,0
elastic,0.5,1.5,0,registered,during_vibration,elastic_dump_0.5_1.5.shear.wave,1064,106400,106.4,0.1064,158683.45183699526,0.0,0.0,0.0,0,0.0,0.0,0.0,0.0,0.0,0.0,0.0,0.0,0.0,0.0,0.0,0.0,0.0,0.0,10726,0,2774,0.0,0.2054814814814815,1,0,0
elastic,0.5,1.5,0,registered,during_vibration,elastic_dump_0.5_1.5.shear.wave,1065,106500,106.5,0.1065,158683.45183699526,0.0,0.0,0.0,0,0.0,0.0,0.0,0.0,0.0,0.0,0.0,0.0,0.0,0.0,0.0,0.0,0.0,0.0,10837,0,2663,0.0,0.19725925925925927,1,0,0
elastic,0.5,1.5,0,registered,during_vibration,elastic_dump_0.5_1.5.shear.wave,1066,106600,106.60000000000001,0.1066,158683.45183699526,0.0,0.0,0.0,0,0.0,0.0,0.0,0.0,0.0,0.0,0.0,0.0,0.0,0.0,0.0,0.0,0.0,0.0,10860,1,2639,7.407407407407407e-05,0.19548148148148148,1,0,0
elastic,0.5,1.5,0,registered,during_vibration,elastic_dump_0.5_1.5.shear.wave,1067,106700,106.7,0.10669999999999999,158683.45183699526,38.00325233845229,0.0002394909607681742,2.394909607681742e+16,4,2.5207417368944863e-05,2.5207417368944866e+25,14.420322545292885,15.037957472605342,0.0,0.0,0.0,8.544972320554066,9.087477224850077e-05,9.476701759710152e-05,0.0,0.0,0.0,5.384917092257192e-05,10762,4,2734,0.0002962962962962963,0.20251851851851851,1,0,0
elastic,0.5,1.5,0,registered,during_vibration,elastic_dump_0.5_1.5.shear.wave,1068,106800,106.8,0.10679999999999999,158683.45183699526,0.0,0.0,0.0,0,0.0,0.0,0.0,0.0,0.0,0.0,0.0,0.0,0.0,0.0,0.0,0.0,0.0,0.0,11118,1,2381,7.407407407407407e-05,0.17637037037037037,1,0,0
elastic,0.5,1.5,0,registered,during_vibration,elastic_dump_0.5_1.5.shear.wave,1069,106900,106.9,0.1069,158683.45183699526,8.889665225359435,5.6021375401457645e-05,5602137540145765.0,1,6.301854342236216e-06,6.301854342236216e+24,8.889665225359435,0.0,0.0,0.0,0.0,0.0,5.6021375401457645e-05,0.0,0.0,0.0,0.0,0.0,11298,1,2201,7.407407407407407e-05,0.16303703703703704,1,0,0
elastic,0.5,1.5,0,registered,during_vibration,elastic_dump_0.5_1.5.shear.wave,1070,107000,107.0,0.107,158683.45183699526,12.913592696791717,8.137958021014677e-05,8137958021014677.0,1,6.301854342236216e-06,6.301854342236216e+24,0.0,12.913592696791717,0.0,0.0,0.0,0.0,0.0,8.137958021014677e-05,0.0,0.0,0.0,0.0,10988,0,2512,0.0,0.1860740740740741,1,0,0
elastic,0.5,1.5,0,registered,during_vibration,elastic_dump_0.5_1.5.shear.wave,1071,107100,107.10000000000001,0.1071,158683.45183699526,0.0,0.0,0.0,0,0.0,0.0,0.0,0.0,0.0,0.0,0.0,0.0,0.0,0.0,0.0,0.0,0.0,0.0,10735,0,2765,0.0,0.2048148148148148,1,0,0
elastic,0.5,1.5,0,registered,during_vibration,elastic_dump_0.5_1.5.shear.wave,1072,107200,107.2,0.10719999999999999,158683.45183699526,0.0,0.0,0.0,0,0.0,0.0,0.0,0.0,0.0,0.0,0.0,0.0,0.0,0.0,0.0,0.0,0.0,0.0,10850,1,2649,7.407407407407407e-05,0.19622222222222221,1,0,0
elastic,0.5,1.5,0,registered,during_vibration,elastic_dump_0.5_1.5.shear.wave,1073,107300,107.3,0.10729999999999999,158683.45183699526,12.293338373447257,7.74708278092877e-05,7747082780928770.0,1,6.301854342236216e-06,6.301854342236216e+24,0.0,12.293338373447257,0.0,0.0,0.0,0.0,0.0,7.74708278092877e-05,0.0,0.0,0.0,0.0,10810,1,2689,7.407407407407407e-05,0.1991851851851852,1,0,0
elastic,0.5,1.5,0,registered,during_vibration,elastic_dump_0.5_1.5.shear.wave,1074,107400,107.4,0.1074,158683.45183699526,0.0,0.0,0.0,0,0.0,0.0,0.0,0.0,0.0,0.0,0.0,0.0,0.0,0.0,0.0,0.0,0.0,0.0,10789,0,2711,0.0,0.2008148148148148,1,0,0
elastic,0.5,1.5,0,registered,during_vibration,elastic_dump_0.5_1.5.shear.wave,1075,107500,107.5,0.1075,158683.45183699526,0.0,0.0,0.0,0,0.0,0.0,0.0,0.0,0.0,0.0,0.0,0.0,0.0,0.0,0.0,0.0,0.0,0.0,11187,1,2312,7.407407407407407e-05,0.17125925925925925,1,0,0
elastic,0.5,1.5,0,registered,during_vibration,elastic_dump_0.5_1.5.shear.wave,1076,107600,107.60000000000001,0.1076,158683.45183699526,0.0,0.0,0.0,0,0.0,0.0,0.0,0.0,0.0,0.0,0.0,0.0,0.0,0.0,0.0,0.0,0.0,0.0,11265,1,2234,7.407407407407407e-05,0.16548148148148148,1,0,0
elastic,0.5,1.5,0,registered,during_vibration,elastic_dump_0.5_1.5.shear.wave,1077,107700,107.7,0.10769999999999999,158683.45183699526,0.0,0.0,0.0,0,0.0,0.0,0.0,0.0,0.0,0.0,0.0,0.0,0.0,0.0,0.0,0.0,0.0,0.0,10842,1,2657,7.407407407407407e-05,0.1968148148148148,1,0,0
elastic,0.5,1.5,0,registered,during_vibration,elastic_dump_0.5_1.5.shear.wave,1078,107800,107.8,0.10779999999999999,158683.45183699526,0.0,0.0,0.0,0,0.0,0.0,0.0,0.0,0.0,0.0,0.0,0.0,0.0,0.0,0.0,0.0,0.0,0.0,10792,1,2707,7.407407407407407e-05,0.2005185185185185,1,0,0
elastic,0.5,1.5,0,registered,during_vibration,elastic_dump_0.5_1.5.shear.wave,1079,107900,107.9,0.1079,158683.45183699526,0.0,0.0,0.0,0,0.0,0.0,0.0,0.0,0.0,0.0,0.0,0.0,0.0,0.0,0.0,0.0,0.0,0.0,10838,1,2661,7.407407407407407e-05,0.1971111111111111,1,0,0
elastic,0.5,1.5,0,registered,during_vibration,elastic_dump_0.5_1.5.shear.wave,1080,108000,108.0,0.108,158683.45183699526,13.255043807802366,8.35313553767306e-05,8353135537673060.0,1,6.301854342236216e-06,6.301854342236216e+24,0.0,13.255043807802366,0.0,0.0,0.0,0.0,0.0,8.35313553767306e-05,0.0,0.0,0.0,0.0,10720,1,2779,7.407407407407407e-05,0.20585185185185184,1,0,0
elastic,0.5,1.5,0,registered,during_vibration,elastic_dump_0.5_1.5.shear.wave,1081,108100,108.10000000000001,0.1081,158683.45183699526,10.591121375074039,6.674370422666114e-05,6674370422666114.0,1,6.301854342236216e-06,6.301854342236216e+24,10.591121375074039,0.0,0.0,0.0,0.0,0.0,6.674370422666114e-05,0.0,0.0,0.0,0.0,0.0,10903,2,2595,0.00014814814814814815,0.1922222222222222,1,0,0
elastic,0.5,1.5,0,registered,during_vibration,elastic_dump_0.5_1.5.shear.wave,1082,108200,108.2,0.10819999999999999,158683.45183699526,0.0,0.0,0.0,0,0.0,0.0,0.0,0.0,0.0,0.0,0.0,0.0,0.0,0.0,0.0,0.0,0.0,0.0,11223,2,2275,0.00014814814814814815,0.1685185185185185,1,0,0
elastic,0.5,1.5,0,registered,during_vibration,elastic_dump_0.5_1.5.shear.wave,1083,108300,108.3,0.1083,158683.45183699526,0.0,0.0,0.0,0,0.0,0.0,0.0,0.0,0.0,0.0,0.0,0.0,0.0,0.0,0.0,0.0,0.0,0.0,11082,1,2417,7.407407407407407e-05,0.17903703703703705,1,0,0
elastic,0.5,1.5,0,registered,during_vibration,elastic_dump_0.5_1.5.shear.wave,1084,108400,108.4,0.1084,158683.45183699526,0.0,0.0,0.0,0,0.0,0.0,0.0,0.0,0.0,0.0,0.0,0.0,0.0,0.0,0.0,0.0,0.0,0.0,10709,1,2790,7.407407407407407e-05,0.20666666666666667,1,0,0
elastic,0.5,1.5,0,registered,during_vibration,elastic_dump_0.5_1.5.shear.wave,1085,108500,108.5,0.1085,158683.45183699526,0.0,0.0,0.0,0,0.0,0.0,0.0,0.0,0.0,0.0,0.0,0.0,0.0,0.0,0.0,0.0,0.0,0.0,10791,0,2709,0.0,0.20066666666666666,1,0,0
elastic,0.5,1.5,0,registered,during_vibration,elastic_dump_0.5_1.5.shear.wave,1086,108600,108.60000000000001,0.10859999999999999,158683.45183699526,0.0,0.0,0.0,0,0.0,0.0,0.0,0.0,0.0,0.0,0.0,0.0,0.0,0.0,0.0,0.0,0.0,0.0,10788,1,2711,7.407407407407407e-05,0.2008148148148148,1,0,0
elastic,0.5,1.5,0,registered,during_vibration,elastic_dump_0.5_1.5.shear.wave,1087,108700,108.7,0.10869999999999999,158683.45183699526,0.0,0.0,0.0,0,0.0,0.0,0.0,0.0,0.0,0.0,0.0,0.0,0.0,0.0,0.0,0.0,0.0,0.0,10611,0,2889,0.0,0.214,1,0,0
elastic,0.5,1.5,0,registered,during_vibration,elastic_dump_0.5_1.5.shear.wave,1088,108800,108.8,0.1088,158683.45183699526,0.0,0.0,0.0,0,0.0,0.0,0.0,0.0,0.0,0.0,0.0,0.0,0.0,0.0,0.0,0.0,0.0,0.0,11005,2,2493,0.00014814814814814815,0.18466666666666667,1,0,0
elastic,0.5,1.5,0,registered,during_vibration,elastic_dump_0.5_1.5.shear.wave,1089,108900,108.9,0.1089,158683.45183699526,13.243809769938746,8.346056010643891e-05,8346056010643891.0,1,6.301854342236216e-06,6.301854342236216e+24,0.0,13.243809769938746,0.0,0.0,0.0,0.0,0.0,8.346056010643891e-05,0.0,0.0,0.0,0.0,11199,1,2300,7.407407407407407e-05,0.17037037037037037,1,0,0
elastic,0.5,1.5,0,registered,during_vibration,elastic_dump_0.5_1.5.shear.wave,1090,109000,109.0,0.109,158683.45183699526,0.0,0.0,0.0,0,0.0,0.0,0.0,0.0,0.0,0.0,0.0,0.0,0.0,0.0,0.0,0.0,0.0,0.0,10931,1,2568,7.407407407407407e-05,0.1902222222222222,1,0,0
elastic,0.5,1.5,0,registered,during_vibration,elastic_dump_0.5_1.5.shear.wave,1091,109100,109.10000000000001,0.10909999999999999,158683.45183699526,0.0,0.0,0.0,0,0.0,0.0,0.0,0.0,0.0,0.0,0.0,0.0,0.0,0.0,0.0,0.0,0.0,0.0,10671,2,2827,0.00014814814814814815,0.2094074074074074,1,0,0
elastic,0.5,1.5,0,registered,during_vibration,elastic_dump_0.5_1.5.shear.wave,1092,109200,109.2,0.10919999999999999,158683.45183699526,0.0,0.0,0.0,0,0.0,0.0,0.0,0.0,0.0,0.0,0.0,0.0,0.0,0.0,0.0,0.0,0.0,0.0,10880,1,2619,7.407407407407407e-05,0.194,1,0,0
elastic,0.5,1.5,0,registered,during_vibration,elastic_dump_0.5_1.5.shear.wave,1093,109300,109.3,0.1093,158683.45183699526,0.0,0.0,0.0,0,0.0,0.0,0.0,0.0,0.0,0.0,0.0,0.0,0.0,0.0,0.0,0.0,0.0,0.0,10780,0,2720,0.0,0.20148148148148148,1,0,0
elastic,0.5,1.5,0,registered,during_vibration,elastic_dump_0.5_1.5.shear.wave,1094,109400,109.4,0.1094,158683.45183699526,0.0,0.0,0.0,0,0.0,0.0,0.0,0.0,0.0,0.0,0.0,0.0,0.0,0.0,0.0,0.0,0.0,0.0,10694,0,2806,0.0,0.20785185185185184,1,0,0
elastic,0.5,1.5,0,registered,during_vibration,elastic_dump_0.5_1.5.shear.wave,1095,109500,109.5,0.1095,158683.45183699526,19.97993803766375,0.00012591065928026183,1.2591065928026184e+16,2,1.2603708684472432e-05,1.2603708684472433e+25,0.0,19.97993803766375,0.0,0.0,0.0,0.0,0.0,0.00012591065928026183,0.0,0.0,0.0,0.0,11116,1,2383,7.407407407407407e-05,0.17651851851851852,1,0,0
elastic,0.5,1.5,0,registered,during_vibration,elastic_dump_0.5_1.5.shear.wave,1096,109600,109.60000000000001,0.10959999999999999,158683.45183699526,0.0,0.0,0.0,0,0.0,0.0,0.0,0.0,0.0,0.0,0.0,0.0,0.0,0.0,0.0,0.0,0.0,0.0,11157,2,2341,0.00014814814814814815,0.1734074074074074,1,0,0
elastic,0.5,1.5,0,registered,during_vibration,elastic_dump_0.5_1.5.shear.wave,1097,109700,109.7,0.10969999999999999,158683.45183699526,0.0,0.0,0.0,0,0.0,0.0,0.0,0.0,0.0,0.0,0.0,0.0,0.0,0.0,0.0,0.0,0.0,0.0,10783,2,2715,0.00014814814814814815,0.2011111111111111,1,0,0
elastic,0.5,1.5,0,registered,during_vibration,elastic_dump_0.5_1.5.shear.wave,1098,109800,109.8,0.1098,158683.45183699526,0.0,0.0,0.0,0,0.0,0.0,0.0,0.0,0.0,0.0,0.0,0.0,0.0,0.0,0.0,0.0,0.0,0.0,10690,2,2808,0.00014814814814814815,0.208,1,0,0
elastic,0.5,1.5,0,registered,during_vibration,elastic_dump_0.5_1.5.shear.wave,1099,109900,109.9,0.1099,158683.45183699526,0.0,0.0,0.0,0,0.0,0.0,0.0,0.0,0.0,0.0,0.0,0.0,0.0,0.0,0.0,0.0,0.0,0.0,10798,1,2701,7.407407407407407e-05,0.20007407407407407,1,0,0
elastic,0.5,1.5,0,registered,during_vibration,elastic_dump_0.5_1.5.shear.wave,1100,110000,110.0,0.11,158683.45183699526,0.0,0.0,0.0,0,0.0,0.0,0.0,0.0,0.0,0.0,0.0,0.0,0.0,0.0,0.0,0.0,0.0,0.0,10659,0,2841,0.0,0.21044444444444443,1,0,0
elastic,0.5,1.5,0,registered,after_removal,elastic_dump_0.5_1.5.shear.wave,1140,114000,114.0,0.11399999999999999,158683.45183699526,155.20019204199164,0.0009780490041357197,9.780490041357197e+16,16,0.00010082966947577945,1.0082966947577946e+26,145.49673449434894,0.0,9.703457547642685,0.0,0.0,0.0,0.0009168992280544027,0.0,6.114977608131684e-05,0.0,0.0,0.0,10657,57,2786,0.004222222222222222,0.20637037037037037,0,0,0
elastic,0.5,1.5,0,registered,after_removal,elastic_dump_0.5_1.5.shear.wave,1145,114500,114.5,0.11449999999999999,158683.45183699526,139.8931925083195,0.00088158652265784,8.8158652265784e+16,12,7.56222521068346e-05,7.56222521068346e+25,139.8931925083195,0.0,0.0,0.0,0.0,0.0,0.00088158652265784,0.0,0.0,0.0,0.0,0.0,10534,71,2895,0.0052592592592592595,0.21444444444444444,0,0,0
elastic,0.5,1.5,0,registered,after_removal,elastic_dump_0.5_1.5.shear.wave,1150,115000,115.0,0.11499999999999999,158683.45183699526,226.49198577095189,0.0014273195040123763,1.4273195040123763e+17,22,0.00013864079552919676,1.3864079552919676e+26,204.46353543659697,0.0,8.812868071952384,6.650057791337243,0.0,6.565524471065276,0.001288499418620087,0.0,5.553741092678804e-05,4.1907695568460384e-05,0.0,4.137497889704084e-05,10397,104,2999,0.007703703703703704,0.22214814814814815,0,0,0
elastic,0.5,1.5,0,registered,after_removal,elastic_dump_0.5_1.5.shear.wave,1155,115500,115.5,0.11549999999999999,158683.45183699526,314.6978861107912,0.0019831802400798477,1.9831802400798477e+17,31,0.0001953574846093227,1.953574846093227e+26,281.07776800343913,0.0,27.48915239345446,0.0,0.0,6.130965713897673,0.0017713111527985366,0.0,0.00017323263437508406,0.0,0.0,3.8636452906227415e-05,10206,152,3142,0.011259259259259259,0.23274074074074075,0,0,0
elastic,0.5,1.5,0,registered,after_removal,elastic_dump_0.5_1.5.shear.wave,1160,116000,116.0,0.11599999999999999,158683.45183699526,283.2565272736648,0.0017850413763662956,1.7850413763662957e+17,25,0.0001575463585559054,1.575463585559054e+26,244.51248089043568,0.0,32.426881946592495,0.0,0.0,6.317164436636676,0.001540882039430342,0.0,0.00020434948680031508,0.0,0.0,3.9809850135639035e-05,10100,166,3234,0.012296296296296296,0.23955555555555555,0,0,0
elastic,0.5,1.5,0,registered,after_removal,elastic_dump_0.5_1.5.shear.wave,1165,116500,116.5,0.11649999999999999,158683.45183699526,272.62447297741875,0.0017180397188326063,1.7180397188326064e+17,27,0.00017015006724037783,1.7015006724037783e+26,247.4369109250278,4.931265816921131,10.060959338358881,0.0,0.0,10.195336897110908,0.0015593113715424022,3.1076118901085455e-05,6.340270029349892e-05,0.0,0.0,6.424952809561948e-05,10026,166,3308,0.012296296296296296,0.24503703703703703,0,0,0
elastic,0.5,1.5,0,registered,after_removal,elastic_dump_0.5_1.5.shear.wave,1170,117000,117.0,0.11699999999999999,158683.45183699526,220.36368442597097,0.0013886998415709763,1.3886998415709763e+17,20,0.00012603708684472432,1.2603708684472432e+26,184.84607156677833,0.0,33.48462868012423,0.0,0.0,2.032984179068387,0.0011648730187484083,0.0,0.00021101525264600822,0.0,0.0,1.2811570176559645e-05,9991,156,3353,0.011555555555555555,0.24837037037037038,0,0,0
elastic,0.5,1.5,0,registered,after_removal,elastic_dump_0.5_1.5.shear.wave,1175,117500,117.5,0.1175,158683.45183699526,278.07382300596356,0.0017523807289723564,1.7523807289723565e+17,25,0.0001575463585559054,1.575463585559054e+26,244.50176400300097,0.0,30.029529112801153,0.0,0.0,3.5425298901614832,0.0015408145031667261,0.0,0.0001892417184348148,0.0,0.0,2.232450737081573e-05,9981,146,3373,0.010814814814814815,0.24985185185185185,0,0,0
elastic,0.5,1.5,0,registered,after_removal,elastic_dump_0.5_1.5.shear.wave,1180,118000,118.0,0.118,158683.45183699526,264.5664799897621,0.0016672594207336334,1.6672594207336333e+17,24,0.0001512445042136692,1.512445042136692e+26,231.8403159705841,2.7373188961575154,27.90820206552788,0.0,0.0,2.0806430574926607,0.0014610239019046418,1.7250184971835486e-05,0.0001758734243706526,0.0,0.0,1.311190948650376e-05,9955,148,3397,0.010962962962962963,0.25162962962962965,0,0,0
elastic,0.5,1.5,0,registered,after_removal,elastic_dump_0.5_1.5.shear.wave,1185,118500,118.5,0.1185,158683.45183699526,264.37842637059447,0.0016660743342171084,1.6660743342171085e+17,24,0.0001512445042136692,1.512445042136692e+26,241.95757166546045,0.0,22.420854705134005,0.0,0.0,0.0,0.0015247813736369124,0.0,0.00014129296058019604,0.0,0.0,0.0,10027,147,3326,0.010888888888888889,0.24637037037037038,0,0,0
elastic,0.5,1.5,0,registered,after_removal,elastic_dump_0.5_1.5.shear.wave,1190,119000,119.0,0.119,158683.45183699526,249.54678249393075,0.001572607474850454,1.572607474850454e+17,22,0.00013864079552919676,1.3864079552919676e+26,234.02685652946028,0.0,15.519925964470414,0.0,0.0,0.0,0.0014748031620200712,0.0,9.780431283038246e-05,0.0,0.0,0.0,10082,139,3279,0.010296296296296296,0.24288888888888888,0,0,0
elastic,0.5,1.5,0,registered,after_removal,elastic_dump_0.5_1.5.shear.wave,1195,119500,119.5,0.1195,158683.45183699526,237.64050925376128,0.0014975758751320412,1.4975758751320413e+17,21,0.00013233894118696053,1.3233894118696052e+26,225.51949746550392,0.0,12.12101178825738,0.0,0.0,0.0,0.001421191024361915,0.0,7.638485077012613e-05,0.0,0.0,0.0,10120,136,3244,0.010074074074074074,0.24029629629629629,0,0,0
elastic,0.5,1.5,0,registered,after_removal,elastic_dump_0.5_1.5.shear.wave,1200,120000,120.0,0.12,158683.45183699526,332.05877824226457,0.0020925860535436678,2.092586053543668e+17,29,0.00018275377592485027,1.8275377592485027e+26,298.85050908707393,0.0,21.809793576215498,5.305988367797738,0.0,6.092487211177385,0.0018833123783698806,0.0,0.00013744214235154916,3.343756583546103e-05,0.0,3.839396698677682e-05,10251,147,3102,0.010888888888888889,0.22977777777777778,0,0,0
